CREATE DATABASE  IF NOT EXISTS `geoattend` /*!40100 DEFAULT CHARACTER SET utf8mb4 COLLATE utf8mb4_0900_ai_ci */ /*!80016 DEFAULT ENCRYPTION='N' */;
USE `geoattend`;
-- MySQL dump 10.13  Distrib 8.0.44, for Win64 (x86_64)
--
-- Host: localhost    Database: geoattend
-- ------------------------------------------------------
-- Server version	8.0.44

/*!40101 SET @OLD_CHARACTER_SET_CLIENT=@@CHARACTER_SET_CLIENT */;
/*!40101 SET @OLD_CHARACTER_SET_RESULTS=@@CHARACTER_SET_RESULTS */;
/*!40101 SET @OLD_COLLATION_CONNECTION=@@COLLATION_CONNECTION */;
/*!50503 SET NAMES utf8 */;
/*!40103 SET @OLD_TIME_ZONE=@@TIME_ZONE */;
/*!40103 SET TIME_ZONE='+00:00' */;
/*!40014 SET @OLD_UNIQUE_CHECKS=@@UNIQUE_CHECKS, UNIQUE_CHECKS=0 */;
/*!40014 SET @OLD_FOREIGN_KEY_CHECKS=@@FOREIGN_KEY_CHECKS, FOREIGN_KEY_CHECKS=0 */;
/*!40101 SET @OLD_SQL_MODE=@@SQL_MODE, SQL_MODE='NO_AUTO_VALUE_ON_ZERO' */;
/*!40111 SET @OLD_SQL_NOTES=@@SQL_NOTES, SQL_NOTES=0 */;

--
-- Table structure for table `attendance`
--

DROP TABLE IF EXISTS `attendance`;
/*!40101 SET @saved_cs_client     = @@character_set_client */;
/*!50503 SET character_set_client = utf8mb4 */;
CREATE TABLE `attendance` (
  `id` int NOT NULL AUTO_INCREMENT,
  `student_id` int NOT NULL,
  `subject_id` int NOT NULL,
  `class_id` int NOT NULL,
  `session_id` varchar(50) DEFAULT NULL,
  `status` enum('present','absent') DEFAULT 'absent',
  `marked_at` timestamp NULL DEFAULT CURRENT_TIMESTAMP,
  `marked_by` varchar(100) DEFAULT NULL,
  `teacher_name` varchar(255) DEFAULT NULL,
  PRIMARY KEY (`id`),
  KEY `student_id` (`student_id`),
  KEY `subject_id` (`subject_id`),
  KEY `class_id` (`class_id`),
  CONSTRAINT `attendance_ibfk_1` FOREIGN KEY (`student_id`) REFERENCES `users` (`id`) ON DELETE CASCADE,
  CONSTRAINT `attendance_ibfk_2` FOREIGN KEY (`subject_id`) REFERENCES `subjects` (`id`) ON DELETE CASCADE,
  CONSTRAINT `attendance_ibfk_3` FOREIGN KEY (`class_id`) REFERENCES `classes` (`id`) ON DELETE CASCADE
) ENGINE=InnoDB AUTO_INCREMENT=1150 DEFAULT CHARSET=utf8mb4 COLLATE=utf8mb4_0900_ai_ci;
/*!40101 SET character_set_client = @saved_cs_client */;

--
-- Dumping data for table `attendance`
--

LOCK TABLES `attendance` WRITE;
/*!40000 ALTER TABLE `attendance` DISABLE KEYS */;
INSERT INTO `attendance` VALUES (13,16,15,10,NULL,'present','2026-03-17 17:27:39','64','Unknown Teacher'),(14,17,15,10,NULL,'present','2026-03-17 17:27:39','64','Unknown Teacher'),(15,18,15,10,NULL,'present','2026-03-17 17:27:39','64','Unknown Teacher'),(16,19,15,10,NULL,'present','2026-03-17 17:27:39','64','Unknown Teacher'),(17,20,15,10,NULL,'present','2026-03-17 17:27:39','64','Unknown Teacher'),(18,21,15,10,NULL,'present','2026-03-17 17:27:39','64','Unknown Teacher'),(19,22,15,10,NULL,'present','2026-03-17 17:27:39','64','Unknown Teacher'),(20,23,15,10,NULL,'present','2026-03-17 17:27:39','64','Unknown Teacher'),(21,24,15,10,NULL,'present','2026-03-17 17:27:39','64','Unknown Teacher'),(22,25,15,10,NULL,'present','2026-03-17 17:27:39','64','Unknown Teacher'),(23,26,15,10,NULL,'present','2026-03-17 17:27:39','64','Unknown Teacher'),(24,27,15,10,NULL,'present','2026-03-17 17:27:39','64','Unknown Teacher'),(25,28,15,10,NULL,'present','2026-03-17 17:27:39','64','Unknown Teacher'),(26,29,15,10,NULL,'present','2026-03-17 17:27:39','64','Unknown Teacher'),(27,30,15,10,NULL,'present','2026-03-17 17:27:39','64','Unknown Teacher'),(28,31,15,10,NULL,'present','2026-03-17 17:27:39','64','Unknown Teacher'),(29,32,15,10,NULL,'present','2026-03-17 17:27:39','64','Unknown Teacher'),(30,33,15,10,NULL,'present','2026-03-17 17:27:39','64','Unknown Teacher'),(31,34,15,10,NULL,'present','2026-03-17 17:27:39','64','Unknown Teacher'),(32,35,15,10,NULL,'present','2026-03-17 17:27:39','64','Unknown Teacher'),(33,36,15,10,NULL,'present','2026-03-17 17:27:39','64','Unknown Teacher'),(34,37,15,10,NULL,'present','2026-03-17 17:27:39','64','Unknown Teacher'),(35,38,15,10,NULL,'present','2026-03-17 17:27:39','64','Unknown Teacher'),(36,39,15,10,NULL,'present','2026-03-17 17:27:39','64','Unknown Teacher'),(37,40,15,10,NULL,'present','2026-03-17 17:27:39','64','Unknown Teacher'),(38,41,15,10,NULL,'present','2026-03-17 17:27:39','64','Unknown Teacher'),(39,42,15,10,NULL,'present','2026-03-17 17:27:39','64','Unknown Teacher'),(40,43,15,10,NULL,'present','2026-03-17 17:27:39','64','Unknown Teacher'),(41,44,15,10,NULL,'present','2026-03-17 17:27:39','64','Unknown Teacher'),(42,45,15,10,NULL,'present','2026-03-17 17:27:39','64','Unknown Teacher'),(43,46,15,10,NULL,'present','2026-03-17 17:27:39','64','Unknown Teacher'),(44,47,15,10,NULL,'present','2026-03-17 17:27:39','64','Unknown Teacher'),(45,48,15,10,NULL,'present','2026-03-17 17:27:39','64','Unknown Teacher'),(46,49,15,10,NULL,'present','2026-03-17 17:27:39','64','Unknown Teacher'),(47,50,15,10,NULL,'present','2026-03-17 17:27:30','64','Unknown Teacher'),(48,51,15,10,NULL,'present','2026-03-17 17:27:39','64','Unknown Teacher'),(49,52,15,10,NULL,'present','2026-03-17 17:27:39','64','Unknown Teacher'),(50,53,15,10,NULL,'present','2026-03-17 17:27:39','64','Unknown Teacher'),(51,54,15,10,NULL,'present','2026-03-17 17:27:39','64','Unknown Teacher'),(52,55,15,10,NULL,'present','2026-03-17 17:27:39','64','Unknown Teacher'),(53,56,15,10,NULL,'present','2026-03-17 17:27:39','64','Unknown Teacher'),(54,57,15,10,NULL,'present','2026-03-17 17:27:39','64','Unknown Teacher'),(55,16,18,10,NULL,'present','2026-03-17 17:30:29','64','Unknown Teacher'),(56,17,18,10,NULL,'present','2026-03-17 17:30:29','64','Unknown Teacher'),(57,18,18,10,NULL,'present','2026-03-17 17:30:29','64','Unknown Teacher'),(58,19,18,10,NULL,'present','2026-03-17 17:30:29','64','Unknown Teacher'),(59,20,18,10,NULL,'present','2026-03-17 17:30:29','64','Unknown Teacher'),(60,21,18,10,NULL,'present','2026-03-17 17:30:29','64','Unknown Teacher'),(61,22,18,10,NULL,'present','2026-03-17 17:30:29','64','Unknown Teacher'),(62,23,18,10,NULL,'present','2026-03-17 17:30:29','64','Unknown Teacher'),(63,24,18,10,NULL,'present','2026-03-17 17:30:29','64','Unknown Teacher'),(64,25,18,10,NULL,'present','2026-03-17 17:30:29','64','Unknown Teacher'),(65,26,18,10,NULL,'present','2026-03-17 17:30:29','64','Unknown Teacher'),(66,27,18,10,NULL,'present','2026-03-17 17:30:29','64','Unknown Teacher'),(67,28,18,10,NULL,'present','2026-03-17 17:30:29','64','Unknown Teacher'),(68,29,18,10,NULL,'present','2026-03-17 17:30:29','64','Unknown Teacher'),(69,30,18,10,NULL,'present','2026-03-17 17:30:29','64','Unknown Teacher'),(70,31,18,10,NULL,'present','2026-03-17 17:30:29','64','Unknown Teacher'),(71,32,18,10,NULL,'present','2026-03-17 17:30:29','64','Unknown Teacher'),(72,33,18,10,NULL,'present','2026-03-17 17:30:29','64','Unknown Teacher'),(73,34,18,10,NULL,'present','2026-03-17 17:30:29','64','Unknown Teacher'),(74,35,18,10,NULL,'present','2026-03-17 17:30:29','64','Unknown Teacher'),(75,36,18,10,NULL,'present','2026-03-17 17:30:29','64','Unknown Teacher'),(76,37,18,10,NULL,'present','2026-03-17 17:30:29','64','Unknown Teacher'),(77,38,18,10,NULL,'present','2026-03-17 17:30:29','64','Unknown Teacher'),(78,39,18,10,NULL,'present','2026-03-17 17:30:29','64','Unknown Teacher'),(79,40,18,10,NULL,'present','2026-03-17 17:30:29','64','Unknown Teacher'),(80,41,18,10,NULL,'present','2026-03-17 17:30:29','64','Unknown Teacher'),(81,42,18,10,NULL,'present','2026-03-17 17:30:29','64','Unknown Teacher'),(82,43,18,10,NULL,'present','2026-03-17 17:30:29','64','Unknown Teacher'),(83,44,18,10,NULL,'present','2026-03-17 17:30:29','64','Unknown Teacher'),(84,45,18,10,NULL,'present','2026-03-17 17:30:29','64','Unknown Teacher'),(85,46,18,10,NULL,'present','2026-03-17 17:30:29','64','Unknown Teacher'),(86,47,18,10,NULL,'present','2026-03-17 17:30:29','64','Unknown Teacher'),(87,48,18,10,NULL,'present','2026-03-17 17:30:29','64','Unknown Teacher'),(88,49,18,10,NULL,'present','2026-03-17 17:30:29','64','Unknown Teacher'),(89,50,18,10,NULL,'present','2026-03-17 17:30:14','64','Unknown Teacher'),(90,51,18,10,NULL,'present','2026-03-17 17:30:29','64','Unknown Teacher'),(91,52,18,10,NULL,'present','2026-03-17 17:30:29','64','Unknown Teacher'),(92,53,18,10,NULL,'present','2026-03-17 17:30:29','64','Unknown Teacher'),(93,54,18,10,NULL,'present','2026-03-17 17:30:29','64','Unknown Teacher'),(94,55,18,10,NULL,'present','2026-03-17 17:30:29','64','Unknown Teacher'),(95,56,18,10,NULL,'present','2026-03-17 17:30:29','64','Unknown Teacher'),(96,57,18,10,NULL,'present','2026-03-17 17:30:29','64','Unknown Teacher'),(97,16,17,10,NULL,'absent','2026-03-17 17:35:44','64','Unknown Teacher'),(98,17,17,10,NULL,'absent','2026-03-17 17:35:44','64','Unknown Teacher'),(99,18,17,10,NULL,'absent','2026-03-17 17:35:44','64','Unknown Teacher'),(100,19,17,10,NULL,'absent','2026-03-17 17:35:44','64','Unknown Teacher'),(101,20,17,10,NULL,'absent','2026-03-17 17:35:44','64','Unknown Teacher'),(102,21,17,10,NULL,'absent','2026-03-17 17:35:44','64','Unknown Teacher'),(103,22,17,10,NULL,'absent','2026-03-17 17:35:44','64','Unknown Teacher'),(104,23,17,10,NULL,'absent','2026-03-17 17:35:44','64','Unknown Teacher'),(105,24,17,10,NULL,'absent','2026-03-17 17:35:44','64','Unknown Teacher'),(106,25,17,10,NULL,'absent','2026-03-17 17:35:44','64','Unknown Teacher'),(107,26,17,10,NULL,'absent','2026-03-17 17:35:44','64','Unknown Teacher'),(108,27,17,10,NULL,'absent','2026-03-17 17:35:44','64','Unknown Teacher'),(109,28,17,10,NULL,'absent','2026-03-17 17:35:44','64','Unknown Teacher'),(110,29,17,10,NULL,'absent','2026-03-17 17:35:44','64','Unknown Teacher'),(111,30,17,10,NULL,'absent','2026-03-17 17:35:44','64','Unknown Teacher'),(112,31,17,10,NULL,'absent','2026-03-17 17:35:44','64','Unknown Teacher'),(113,32,17,10,NULL,'absent','2026-03-17 17:35:44','64','Unknown Teacher'),(114,33,17,10,NULL,'absent','2026-03-17 17:35:44','64','Unknown Teacher'),(115,34,17,10,NULL,'absent','2026-03-17 17:35:44','64','Unknown Teacher'),(116,35,17,10,NULL,'absent','2026-03-17 17:35:44','64','Unknown Teacher'),(117,36,17,10,NULL,'absent','2026-03-17 17:35:44','64','Unknown Teacher'),(118,37,17,10,NULL,'absent','2026-03-17 17:35:44','64','Unknown Teacher'),(119,38,17,10,NULL,'absent','2026-03-17 17:35:44','64','Unknown Teacher'),(120,39,17,10,NULL,'absent','2026-03-17 17:35:44','64','Unknown Teacher'),(121,40,17,10,NULL,'absent','2026-03-17 17:35:44','64','Unknown Teacher'),(122,41,17,10,NULL,'absent','2026-03-17 17:35:44','64','Unknown Teacher'),(123,42,17,10,NULL,'absent','2026-03-17 17:35:44','64','Unknown Teacher'),(124,43,17,10,NULL,'absent','2026-03-17 17:35:44','64','Unknown Teacher'),(125,44,17,10,NULL,'absent','2026-03-17 17:35:44','64','Unknown Teacher'),(126,45,17,10,NULL,'absent','2026-03-17 17:35:44','64','Unknown Teacher'),(127,46,17,10,NULL,'absent','2026-03-17 17:35:44','64','Unknown Teacher'),(128,47,17,10,NULL,'absent','2026-03-17 17:35:44','64','Unknown Teacher'),(129,48,17,10,NULL,'absent','2026-03-17 17:35:44','64','Unknown Teacher'),(130,49,17,10,NULL,'absent','2026-03-17 17:35:44','64','Unknown Teacher'),(131,50,17,10,NULL,'present','2026-03-17 17:35:36','64','Unknown Teacher'),(132,51,17,10,NULL,'absent','2026-03-17 17:35:44','64','Unknown Teacher'),(133,52,17,10,NULL,'absent','2026-03-17 17:35:44','64','Unknown Teacher'),(134,53,17,10,NULL,'absent','2026-03-17 17:35:44','64','Unknown Teacher'),(135,54,17,10,NULL,'absent','2026-03-17 17:35:44','64','Unknown Teacher'),(136,55,17,10,NULL,'absent','2026-03-17 17:35:44','64','Unknown Teacher'),(137,56,17,10,NULL,'absent','2026-03-17 17:35:44','64','Unknown Teacher'),(138,57,17,10,NULL,'absent','2026-03-17 17:35:44','64','Unknown Teacher'),(139,16,15,10,NULL,'absent','2026-03-17 17:40:02','64','Unknown Teacher'),(140,17,15,10,NULL,'absent','2026-03-17 17:40:02','64','Unknown Teacher'),(141,18,15,10,NULL,'absent','2026-03-17 17:40:02','64','Unknown Teacher'),(142,19,15,10,NULL,'absent','2026-03-17 17:40:02','64','Unknown Teacher'),(143,20,15,10,NULL,'absent','2026-03-17 17:40:02','64','Unknown Teacher'),(144,21,15,10,NULL,'absent','2026-03-17 17:40:02','64','Unknown Teacher'),(145,22,15,10,NULL,'absent','2026-03-17 17:40:02','64','Unknown Teacher'),(146,23,15,10,NULL,'absent','2026-03-17 17:40:02','64','Unknown Teacher'),(147,24,15,10,NULL,'absent','2026-03-17 17:40:02','64','Unknown Teacher'),(148,25,15,10,NULL,'absent','2026-03-17 17:40:02','64','Unknown Teacher'),(149,26,15,10,NULL,'absent','2026-03-17 17:40:02','64','Unknown Teacher'),(150,27,15,10,NULL,'absent','2026-03-17 17:40:02','64','Unknown Teacher'),(151,28,15,10,NULL,'absent','2026-03-17 17:40:02','64','Unknown Teacher'),(152,29,15,10,NULL,'absent','2026-03-17 17:40:02','64','Unknown Teacher'),(153,30,15,10,NULL,'absent','2026-03-17 17:40:02','64','Unknown Teacher'),(154,31,15,10,NULL,'absent','2026-03-17 17:40:02','64','Unknown Teacher'),(155,32,15,10,NULL,'absent','2026-03-17 17:40:02','64','Unknown Teacher'),(156,33,15,10,NULL,'absent','2026-03-17 17:40:02','64','Unknown Teacher'),(157,34,15,10,NULL,'absent','2026-03-17 17:40:02','64','Unknown Teacher'),(158,35,15,10,NULL,'absent','2026-03-17 17:40:02','64','Unknown Teacher'),(159,36,15,10,NULL,'absent','2026-03-17 17:40:02','64','Unknown Teacher'),(160,37,15,10,NULL,'absent','2026-03-17 17:40:02','64','Unknown Teacher'),(161,38,15,10,NULL,'absent','2026-03-17 17:40:02','64','Unknown Teacher'),(162,39,15,10,NULL,'absent','2026-03-17 17:40:02','64','Unknown Teacher'),(163,40,15,10,NULL,'absent','2026-03-17 17:40:02','64','Unknown Teacher'),(164,41,15,10,NULL,'absent','2026-03-17 17:40:02','64','Unknown Teacher'),(165,42,15,10,NULL,'absent','2026-03-17 17:40:02','64','Unknown Teacher'),(166,43,15,10,NULL,'absent','2026-03-17 17:40:02','64','Unknown Teacher'),(167,44,15,10,NULL,'absent','2026-03-17 17:40:02','64','Unknown Teacher'),(168,45,15,10,NULL,'absent','2026-03-17 17:40:02','64','Unknown Teacher'),(169,46,15,10,NULL,'absent','2026-03-17 17:40:02','64','Unknown Teacher'),(170,47,15,10,NULL,'absent','2026-03-17 17:40:02','64','Unknown Teacher'),(171,48,15,10,NULL,'absent','2026-03-17 17:40:02','64','Unknown Teacher'),(172,49,15,10,NULL,'absent','2026-03-17 17:40:02','64','Unknown Teacher'),(173,50,15,10,NULL,'present','2026-03-17 17:39:45','64','Unknown Teacher'),(174,51,15,10,NULL,'absent','2026-03-17 17:40:02','64','Unknown Teacher'),(175,52,15,10,NULL,'absent','2026-03-17 17:40:02','64','Unknown Teacher'),(176,53,15,10,NULL,'absent','2026-03-17 17:40:02','64','Unknown Teacher'),(177,54,15,10,NULL,'absent','2026-03-17 17:40:02','64','Unknown Teacher'),(178,55,15,10,NULL,'absent','2026-03-17 17:40:02','64','Unknown Teacher'),(179,56,15,10,NULL,'absent','2026-03-17 17:40:02','64','Unknown Teacher'),(180,57,15,10,NULL,'absent','2026-03-17 17:40:02','64','Unknown Teacher'),(181,16,15,10,NULL,'absent','2026-03-17 18:02:58','64','Unknown Teacher'),(182,17,15,10,NULL,'absent','2026-03-17 18:02:58','64','Unknown Teacher'),(183,18,15,10,NULL,'absent','2026-03-17 18:02:58','64','Unknown Teacher'),(184,19,15,10,NULL,'absent','2026-03-17 18:02:58','64','Unknown Teacher'),(185,20,15,10,NULL,'absent','2026-03-17 18:02:58','64','Unknown Teacher'),(186,21,15,10,NULL,'absent','2026-03-17 18:02:58','64','Unknown Teacher'),(187,22,15,10,NULL,'absent','2026-03-17 18:02:58','64','Unknown Teacher'),(188,23,15,10,NULL,'absent','2026-03-17 18:02:58','64','Unknown Teacher'),(189,24,15,10,NULL,'absent','2026-03-17 18:02:58','64','Unknown Teacher'),(190,25,15,10,NULL,'absent','2026-03-17 18:02:58','64','Unknown Teacher'),(191,26,15,10,NULL,'absent','2026-03-17 18:02:58','64','Unknown Teacher'),(192,27,15,10,NULL,'absent','2026-03-17 18:02:58','64','Unknown Teacher'),(193,28,15,10,NULL,'absent','2026-03-17 18:02:58','64','Unknown Teacher'),(194,29,15,10,NULL,'absent','2026-03-17 18:02:58','64','Unknown Teacher'),(195,30,15,10,NULL,'absent','2026-03-17 18:02:58','64','Unknown Teacher'),(196,31,15,10,NULL,'absent','2026-03-17 18:02:58','64','Unknown Teacher'),(197,32,15,10,NULL,'absent','2026-03-17 18:02:58','64','Unknown Teacher'),(198,33,15,10,NULL,'absent','2026-03-17 18:02:58','64','Unknown Teacher'),(199,34,15,10,NULL,'absent','2026-03-17 18:02:58','64','Unknown Teacher'),(200,35,15,10,NULL,'absent','2026-03-17 18:02:58','64','Unknown Teacher'),(201,36,15,10,NULL,'absent','2026-03-17 18:02:58','64','Unknown Teacher'),(202,37,15,10,NULL,'absent','2026-03-17 18:02:58','64','Unknown Teacher'),(203,38,15,10,NULL,'absent','2026-03-17 18:02:58','64','Unknown Teacher'),(204,39,15,10,NULL,'absent','2026-03-17 18:02:58','64','Unknown Teacher'),(205,40,15,10,NULL,'absent','2026-03-17 18:02:58','64','Unknown Teacher'),(206,41,15,10,NULL,'absent','2026-03-17 18:02:58','64','Unknown Teacher'),(207,42,15,10,NULL,'absent','2026-03-17 18:02:58','64','Unknown Teacher'),(208,43,15,10,NULL,'absent','2026-03-17 18:02:58','64','Unknown Teacher'),(209,44,15,10,NULL,'absent','2026-03-17 18:02:58','64','Unknown Teacher'),(210,45,15,10,NULL,'absent','2026-03-17 18:02:58','64','Unknown Teacher'),(211,46,15,10,NULL,'absent','2026-03-17 18:02:58','64','Unknown Teacher'),(212,47,15,10,NULL,'absent','2026-03-17 18:02:58','64','Unknown Teacher'),(213,48,15,10,NULL,'absent','2026-03-17 18:02:58','64','Unknown Teacher'),(214,49,15,10,NULL,'absent','2026-03-17 18:02:58','64','Unknown Teacher'),(215,50,15,10,NULL,'present','2026-03-17 18:02:42','64','Unknown Teacher'),(216,51,15,10,NULL,'absent','2026-03-17 18:02:58','64','Unknown Teacher'),(217,52,15,10,NULL,'absent','2026-03-17 18:02:58','64','Unknown Teacher'),(218,53,15,10,NULL,'absent','2026-03-17 18:02:58','64','Unknown Teacher'),(219,54,15,10,NULL,'absent','2026-03-17 18:02:58','64','Unknown Teacher'),(220,55,15,10,NULL,'absent','2026-03-17 18:02:58','64','Unknown Teacher'),(221,56,15,10,NULL,'absent','2026-03-17 18:02:58','64','Unknown Teacher'),(222,57,15,10,NULL,'absent','2026-03-17 18:02:58','64','Unknown Teacher'),(223,16,15,10,NULL,'absent','2026-03-17 18:09:01','64','Unknown Teacher'),(224,17,15,10,NULL,'absent','2026-03-17 18:09:01','64','Unknown Teacher'),(225,18,15,10,NULL,'absent','2026-03-17 18:09:01','64','Unknown Teacher'),(226,19,15,10,NULL,'absent','2026-03-17 18:09:01','64','Unknown Teacher'),(227,20,15,10,NULL,'absent','2026-03-17 18:09:01','64','Unknown Teacher'),(228,21,15,10,NULL,'absent','2026-03-17 18:09:01','64','Unknown Teacher'),(229,22,15,10,NULL,'absent','2026-03-17 18:09:01','64','Unknown Teacher'),(230,23,15,10,NULL,'absent','2026-03-17 18:09:01','64','Unknown Teacher'),(231,24,15,10,NULL,'absent','2026-03-17 18:09:01','64','Unknown Teacher'),(232,25,15,10,NULL,'absent','2026-03-17 18:09:01','64','Unknown Teacher'),(233,26,15,10,NULL,'absent','2026-03-17 18:09:01','64','Unknown Teacher'),(234,27,15,10,NULL,'absent','2026-03-17 18:09:01','64','Unknown Teacher'),(235,28,15,10,NULL,'absent','2026-03-17 18:09:01','64','Unknown Teacher'),(236,29,15,10,NULL,'absent','2026-03-17 18:09:01','64','Unknown Teacher'),(237,30,15,10,NULL,'absent','2026-03-17 18:09:01','64','Unknown Teacher'),(238,31,15,10,NULL,'absent','2026-03-17 18:09:01','64','Unknown Teacher'),(239,32,15,10,NULL,'absent','2026-03-17 18:09:01','64','Unknown Teacher'),(240,33,15,10,NULL,'absent','2026-03-17 18:09:01','64','Unknown Teacher'),(241,34,15,10,NULL,'absent','2026-03-17 18:09:01','64','Unknown Teacher'),(242,35,15,10,NULL,'absent','2026-03-17 18:09:01','64','Unknown Teacher'),(243,36,15,10,NULL,'absent','2026-03-17 18:09:01','64','Unknown Teacher'),(244,37,15,10,NULL,'absent','2026-03-17 18:09:01','64','Unknown Teacher'),(245,38,15,10,NULL,'absent','2026-03-17 18:09:01','64','Unknown Teacher'),(246,39,15,10,NULL,'absent','2026-03-17 18:09:01','64','Unknown Teacher'),(247,40,15,10,NULL,'absent','2026-03-17 18:09:01','64','Unknown Teacher'),(248,41,15,10,NULL,'absent','2026-03-17 18:09:01','64','Unknown Teacher'),(249,42,15,10,NULL,'absent','2026-03-17 18:09:01','64','Unknown Teacher'),(250,43,15,10,NULL,'absent','2026-03-17 18:09:01','64','Unknown Teacher'),(251,44,15,10,NULL,'absent','2026-03-17 18:09:01','64','Unknown Teacher'),(252,45,15,10,NULL,'absent','2026-03-17 18:09:01','64','Unknown Teacher'),(253,46,15,10,NULL,'absent','2026-03-17 18:09:01','64','Unknown Teacher'),(254,47,15,10,NULL,'absent','2026-03-17 18:09:01','64','Unknown Teacher'),(255,48,15,10,NULL,'absent','2026-03-17 18:09:01','64','Unknown Teacher'),(256,49,15,10,NULL,'absent','2026-03-17 18:09:01','64','Unknown Teacher'),(257,50,15,10,NULL,'present','2026-03-17 18:08:50','64','Unknown Teacher'),(258,51,15,10,NULL,'absent','2026-03-17 18:09:01','64','Unknown Teacher'),(259,52,15,10,NULL,'absent','2026-03-17 18:09:01','64','Unknown Teacher'),(260,53,15,10,NULL,'absent','2026-03-17 18:09:01','64','Unknown Teacher'),(261,54,15,10,NULL,'absent','2026-03-17 18:09:01','64','Unknown Teacher'),(262,55,15,10,NULL,'absent','2026-03-17 18:09:01','64','Unknown Teacher'),(263,56,15,10,NULL,'absent','2026-03-17 18:09:01','64','Unknown Teacher'),(264,57,15,10,NULL,'absent','2026-03-17 18:09:01','64','Unknown Teacher'),(265,16,15,10,NULL,'present','2026-03-17 18:22:25','64','Unknown Teacher'),(266,17,15,10,NULL,'present','2026-03-17 18:22:25','64','Unknown Teacher'),(267,18,15,10,NULL,'present','2026-03-17 18:22:25','64','Unknown Teacher'),(268,19,15,10,NULL,'present','2026-03-17 18:22:25','64','Unknown Teacher'),(269,20,15,10,NULL,'present','2026-03-17 18:22:25','64','Unknown Teacher'),(270,21,15,10,NULL,'present','2026-03-17 18:22:25','64','Unknown Teacher'),(271,22,15,10,NULL,'present','2026-03-17 18:22:25','64','Unknown Teacher'),(272,23,15,10,NULL,'present','2026-03-17 18:22:25','64','Unknown Teacher'),(273,24,15,10,NULL,'present','2026-03-17 18:22:25','64','Unknown Teacher'),(274,25,15,10,NULL,'present','2026-03-17 18:22:25','64','Unknown Teacher'),(275,26,15,10,NULL,'present','2026-03-17 18:22:25','64','Unknown Teacher'),(276,27,15,10,NULL,'present','2026-03-17 18:22:25','64','Unknown Teacher'),(277,28,15,10,NULL,'present','2026-03-17 18:22:25','64','Unknown Teacher'),(278,29,15,10,NULL,'present','2026-03-17 18:22:25','64','Unknown Teacher'),(279,30,15,10,NULL,'present','2026-03-17 18:22:25','64','Unknown Teacher'),(280,31,15,10,NULL,'present','2026-03-17 18:22:25','64','Unknown Teacher'),(281,32,15,10,NULL,'present','2026-03-17 18:22:25','64','Unknown Teacher'),(282,33,15,10,NULL,'present','2026-03-17 18:22:25','64','Unknown Teacher'),(283,34,15,10,NULL,'present','2026-03-17 18:22:25','64','Unknown Teacher'),(284,35,15,10,NULL,'present','2026-03-17 18:22:25','64','Unknown Teacher'),(285,36,15,10,NULL,'present','2026-03-17 18:22:25','64','Unknown Teacher'),(286,37,15,10,NULL,'present','2026-03-17 18:22:25','64','Unknown Teacher'),(287,38,15,10,NULL,'present','2026-03-17 18:22:25','64','Unknown Teacher'),(288,39,15,10,NULL,'present','2026-03-17 18:22:25','64','Unknown Teacher'),(289,40,15,10,NULL,'present','2026-03-17 18:22:25','64','Unknown Teacher'),(290,41,15,10,NULL,'present','2026-03-17 18:22:25','64','Unknown Teacher'),(291,42,15,10,NULL,'present','2026-03-17 18:22:25','64','Unknown Teacher'),(292,43,15,10,NULL,'present','2026-03-17 18:22:25','64','Unknown Teacher'),(293,44,15,10,NULL,'present','2026-03-17 18:22:25','64','Unknown Teacher'),(294,45,15,10,NULL,'present','2026-03-17 18:22:25','64','Unknown Teacher'),(295,46,15,10,NULL,'present','2026-03-17 18:22:25','64','Unknown Teacher'),(296,47,15,10,NULL,'present','2026-03-17 18:22:25','64','Unknown Teacher'),(297,48,15,10,NULL,'present','2026-03-17 18:22:25','64','Unknown Teacher'),(298,49,15,10,NULL,'present','2026-03-17 18:22:25','64','Unknown Teacher'),(299,50,15,10,NULL,'present','2026-03-17 18:21:58','64','Unknown Teacher'),(300,51,15,10,NULL,'present','2026-03-17 18:22:25','64','Unknown Teacher'),(301,52,15,10,NULL,'present','2026-03-17 18:22:25','64','Unknown Teacher'),(302,53,15,10,NULL,'present','2026-03-17 18:22:25','64','Unknown Teacher'),(303,54,15,10,NULL,'present','2026-03-17 18:22:25','64','Unknown Teacher'),(304,55,15,10,NULL,'present','2026-03-17 18:22:25','64','Unknown Teacher'),(305,56,15,10,NULL,'present','2026-03-17 18:22:25','64','Unknown Teacher'),(306,57,15,10,NULL,'present','2026-03-17 18:22:25','64','Unknown Teacher'),(307,16,15,10,NULL,'absent','2026-03-17 22:40:05','64','Unknown Teacher'),(308,17,15,10,NULL,'absent','2026-03-17 22:40:05','64','Unknown Teacher'),(309,18,15,10,NULL,'absent','2026-03-17 22:40:05','64','Unknown Teacher'),(310,19,15,10,NULL,'absent','2026-03-17 22:40:05','64','Unknown Teacher'),(311,20,15,10,NULL,'absent','2026-03-17 22:40:05','64','Unknown Teacher'),(312,21,15,10,NULL,'absent','2026-03-17 22:40:05','64','Unknown Teacher'),(313,22,15,10,NULL,'absent','2026-03-17 22:40:05','64','Unknown Teacher'),(314,23,15,10,NULL,'absent','2026-03-17 22:40:05','64','Unknown Teacher'),(315,24,15,10,NULL,'absent','2026-03-17 22:40:05','64','Unknown Teacher'),(316,25,15,10,NULL,'absent','2026-03-17 22:40:05','64','Unknown Teacher'),(317,26,15,10,NULL,'absent','2026-03-17 22:40:05','64','Unknown Teacher'),(318,27,15,10,NULL,'absent','2026-03-17 22:40:05','64','Unknown Teacher'),(319,28,15,10,NULL,'absent','2026-03-17 22:40:05','64','Unknown Teacher'),(320,29,15,10,NULL,'absent','2026-03-17 22:40:05','64','Unknown Teacher'),(321,30,15,10,NULL,'absent','2026-03-17 22:40:05','64','Unknown Teacher'),(322,31,15,10,NULL,'absent','2026-03-17 22:40:05','64','Unknown Teacher'),(323,32,15,10,NULL,'absent','2026-03-17 22:40:05','64','Unknown Teacher'),(324,33,15,10,NULL,'absent','2026-03-17 22:40:05','64','Unknown Teacher'),(325,34,15,10,NULL,'absent','2026-03-17 22:40:05','64','Unknown Teacher'),(326,35,15,10,NULL,'absent','2026-03-17 22:40:05','64','Unknown Teacher'),(327,36,15,10,NULL,'absent','2026-03-17 22:40:05','64','Unknown Teacher'),(328,37,15,10,NULL,'absent','2026-03-17 22:40:05','64','Unknown Teacher'),(329,38,15,10,NULL,'absent','2026-03-17 22:40:05','64','Unknown Teacher'),(330,39,15,10,NULL,'absent','2026-03-17 22:40:05','64','Unknown Teacher'),(331,40,15,10,NULL,'absent','2026-03-17 22:40:05','64','Unknown Teacher'),(332,41,15,10,NULL,'absent','2026-03-17 22:40:05','64','Unknown Teacher'),(333,42,15,10,NULL,'absent','2026-03-17 22:40:05','64','Unknown Teacher'),(334,43,15,10,NULL,'absent','2026-03-17 22:40:05','64','Unknown Teacher'),(335,44,15,10,NULL,'absent','2026-03-17 22:40:05','64','Unknown Teacher'),(336,45,15,10,NULL,'absent','2026-03-17 22:40:05','64','Unknown Teacher'),(337,46,15,10,NULL,'absent','2026-03-17 22:40:05','64','Unknown Teacher'),(338,47,15,10,NULL,'absent','2026-03-17 22:40:05','64','Unknown Teacher'),(339,48,15,10,NULL,'absent','2026-03-17 22:40:05','64','Unknown Teacher'),(340,49,15,10,NULL,'absent','2026-03-17 22:40:05','64','Unknown Teacher'),(341,50,15,10,NULL,'present','2026-03-17 22:40:17','64','Unknown Teacher'),(342,51,15,10,NULL,'absent','2026-03-17 22:40:05','64','Unknown Teacher'),(343,52,15,10,NULL,'absent','2026-03-17 22:40:05','64','Unknown Teacher'),(344,53,15,10,NULL,'absent','2026-03-17 22:40:05','64','Unknown Teacher'),(345,54,15,10,NULL,'absent','2026-03-17 22:40:05','64','Unknown Teacher'),(346,55,15,10,NULL,'absent','2026-03-17 22:40:05','64','Unknown Teacher'),(347,56,15,10,NULL,'absent','2026-03-17 22:40:05','64','Unknown Teacher'),(348,57,15,10,NULL,'absent','2026-03-17 22:40:05','64','Unknown Teacher'),(349,16,18,10,NULL,'present','2026-03-17 23:17:12','64','Unknown Teacher'),(350,17,18,10,NULL,'present','2026-03-17 23:17:12','64','Unknown Teacher'),(351,18,18,10,NULL,'present','2026-03-17 23:17:12','64','Unknown Teacher'),(352,19,18,10,NULL,'present','2026-03-17 23:17:12','64','Unknown Teacher'),(353,20,18,10,NULL,'present','2026-03-17 23:17:12','64','Unknown Teacher'),(354,21,18,10,NULL,'present','2026-03-17 23:17:12','64','Unknown Teacher'),(355,22,18,10,NULL,'present','2026-03-17 23:17:12','64','Unknown Teacher'),(356,23,18,10,NULL,'present','2026-03-17 23:17:12','64','Unknown Teacher'),(357,24,18,10,NULL,'present','2026-03-17 23:17:12','64','Unknown Teacher'),(358,25,18,10,NULL,'present','2026-03-17 23:17:12','64','Unknown Teacher'),(359,26,18,10,NULL,'present','2026-03-17 23:17:12','64','Unknown Teacher'),(360,27,18,10,NULL,'present','2026-03-17 23:17:12','64','Unknown Teacher'),(361,28,18,10,NULL,'present','2026-03-17 23:17:12','64','Unknown Teacher'),(362,29,18,10,NULL,'present','2026-03-17 23:17:12','64','Unknown Teacher'),(363,30,18,10,NULL,'present','2026-03-17 23:17:12','64','Unknown Teacher'),(364,31,18,10,NULL,'present','2026-03-17 23:17:12','64','Unknown Teacher'),(365,32,18,10,NULL,'present','2026-03-17 23:17:12','64','Unknown Teacher'),(366,33,18,10,NULL,'present','2026-03-17 23:17:12','64','Unknown Teacher'),(367,34,18,10,NULL,'present','2026-03-17 23:17:12','64','Unknown Teacher'),(368,35,18,10,NULL,'present','2026-03-17 23:17:12','64','Unknown Teacher'),(369,36,18,10,NULL,'present','2026-03-17 23:17:12','64','Unknown Teacher'),(370,37,18,10,NULL,'present','2026-03-17 23:17:12','64','Unknown Teacher'),(371,38,18,10,NULL,'present','2026-03-17 23:17:12','64','Unknown Teacher'),(372,39,18,10,NULL,'present','2026-03-17 23:17:12','64','Unknown Teacher'),(373,40,18,10,NULL,'present','2026-03-17 23:17:12','64','Unknown Teacher'),(374,41,18,10,NULL,'present','2026-03-17 23:17:12','64','Unknown Teacher'),(375,42,18,10,NULL,'present','2026-03-17 23:17:12','64','Unknown Teacher'),(376,43,18,10,NULL,'present','2026-03-17 23:17:12','64','Unknown Teacher'),(377,44,18,10,NULL,'present','2026-03-17 23:17:12','64','Unknown Teacher'),(378,45,18,10,NULL,'present','2026-03-17 23:17:12','64','Unknown Teacher'),(379,46,18,10,NULL,'present','2026-03-17 23:17:12','64','Unknown Teacher'),(380,47,18,10,NULL,'present','2026-03-17 23:17:12','64','Unknown Teacher'),(381,48,18,10,NULL,'present','2026-03-17 23:17:12','64','Unknown Teacher'),(382,49,18,10,NULL,'present','2026-03-17 23:17:12','64','Unknown Teacher'),(383,50,18,10,NULL,'present','2026-03-17 23:16:51','64','Unknown Teacher'),(384,51,18,10,NULL,'present','2026-03-17 23:17:12','64','Unknown Teacher'),(385,52,18,10,NULL,'present','2026-03-17 23:17:12','64','Unknown Teacher'),(386,53,18,10,NULL,'present','2026-03-17 23:17:12','64','Unknown Teacher'),(387,54,18,10,NULL,'present','2026-03-17 23:17:12','64','Unknown Teacher'),(388,55,18,10,NULL,'present','2026-03-17 23:17:12','64','Unknown Teacher'),(389,56,18,10,NULL,'present','2026-03-17 23:17:12','64','Unknown Teacher'),(390,57,18,10,NULL,'present','2026-03-17 23:17:12','64','Unknown Teacher'),(391,16,17,10,NULL,'absent','2026-03-18 02:48:37','64','Unknown Teacher'),(392,17,17,10,NULL,'absent','2026-03-18 02:48:37','64','Unknown Teacher'),(393,18,17,10,NULL,'absent','2026-03-18 02:48:37','64','Unknown Teacher'),(394,19,17,10,NULL,'absent','2026-03-18 02:48:37','64','Unknown Teacher'),(395,20,17,10,NULL,'absent','2026-03-18 02:48:37','64','Unknown Teacher'),(396,21,17,10,NULL,'absent','2026-03-18 02:48:37','64','Unknown Teacher'),(397,22,17,10,NULL,'absent','2026-03-18 02:48:37','64','Unknown Teacher'),(398,23,17,10,NULL,'absent','2026-03-18 02:48:37','64','Unknown Teacher'),(399,24,17,10,NULL,'absent','2026-03-18 02:48:37','64','Unknown Teacher'),(400,25,17,10,NULL,'absent','2026-03-18 02:48:37','64','Unknown Teacher'),(401,26,17,10,NULL,'absent','2026-03-18 02:48:37','64','Unknown Teacher'),(402,27,17,10,NULL,'absent','2026-03-18 02:48:37','64','Unknown Teacher'),(403,28,17,10,NULL,'absent','2026-03-18 02:48:37','64','Unknown Teacher'),(404,29,17,10,NULL,'absent','2026-03-18 02:48:37','64','Unknown Teacher'),(405,30,17,10,NULL,'absent','2026-03-18 02:48:37','64','Unknown Teacher'),(406,31,17,10,NULL,'absent','2026-03-18 02:48:37','64','Unknown Teacher'),(407,32,17,10,NULL,'absent','2026-03-18 02:48:37','64','Unknown Teacher'),(408,33,17,10,NULL,'absent','2026-03-18 02:48:37','64','Unknown Teacher'),(409,34,17,10,NULL,'absent','2026-03-18 02:48:37','64','Unknown Teacher'),(410,35,17,10,NULL,'absent','2026-03-18 02:48:37','64','Unknown Teacher'),(411,36,17,10,NULL,'absent','2026-03-18 02:48:37','64','Unknown Teacher'),(412,37,17,10,NULL,'absent','2026-03-18 02:48:37','64','Unknown Teacher'),(413,38,17,10,NULL,'absent','2026-03-18 02:48:37','64','Unknown Teacher'),(414,39,17,10,NULL,'absent','2026-03-18 02:48:37','64','Unknown Teacher'),(415,40,17,10,NULL,'absent','2026-03-18 02:48:37','64','Unknown Teacher'),(416,41,17,10,NULL,'absent','2026-03-18 02:48:37','64','Unknown Teacher'),(417,42,17,10,NULL,'absent','2026-03-18 02:48:37','64','Unknown Teacher'),(418,43,17,10,NULL,'absent','2026-03-18 02:48:37','64','Unknown Teacher'),(419,44,17,10,NULL,'absent','2026-03-18 02:48:37','64','Unknown Teacher'),(420,45,17,10,NULL,'absent','2026-03-18 02:48:37','64','Unknown Teacher'),(421,46,17,10,NULL,'absent','2026-03-18 02:48:37','64','Unknown Teacher'),(422,47,17,10,NULL,'absent','2026-03-18 02:48:37','64','Unknown Teacher'),(423,48,17,10,NULL,'absent','2026-03-18 02:48:37','64','Unknown Teacher'),(424,49,17,10,NULL,'absent','2026-03-18 02:48:37','64','Unknown Teacher'),(425,50,17,10,NULL,'present','2026-03-18 02:48:24','64','Unknown Teacher'),(426,51,17,10,NULL,'absent','2026-03-18 02:48:37','64','Unknown Teacher'),(427,52,17,10,NULL,'absent','2026-03-18 02:48:37','64','Unknown Teacher'),(428,53,17,10,NULL,'absent','2026-03-18 02:48:37','64','Unknown Teacher'),(429,54,17,10,NULL,'absent','2026-03-18 02:48:37','64','Unknown Teacher'),(430,55,17,10,NULL,'absent','2026-03-18 02:48:37','64','Unknown Teacher'),(431,56,17,10,NULL,'absent','2026-03-18 02:48:37','64','Unknown Teacher'),(432,57,17,10,NULL,'absent','2026-03-18 02:48:37','64','Unknown Teacher'),(433,16,15,10,NULL,'absent','2026-03-18 04:07:14','64','Unknown Teacher'),(434,17,15,10,NULL,'absent','2026-03-18 04:07:14','64','Unknown Teacher'),(435,18,15,10,NULL,'absent','2026-03-18 04:07:14','64','Unknown Teacher'),(436,19,15,10,NULL,'absent','2026-03-18 04:07:14','64','Unknown Teacher'),(437,20,15,10,NULL,'absent','2026-03-18 04:07:14','64','Unknown Teacher'),(438,21,15,10,NULL,'absent','2026-03-18 04:07:14','64','Unknown Teacher'),(439,22,15,10,NULL,'absent','2026-03-18 04:07:14','64','Unknown Teacher'),(440,23,15,10,NULL,'absent','2026-03-18 04:07:14','64','Unknown Teacher'),(441,24,15,10,NULL,'absent','2026-03-18 04:07:14','64','Unknown Teacher'),(442,25,15,10,NULL,'absent','2026-03-18 04:07:14','64','Unknown Teacher'),(443,26,15,10,NULL,'absent','2026-03-18 04:07:14','64','Unknown Teacher'),(444,27,15,10,NULL,'absent','2026-03-18 04:07:14','64','Unknown Teacher'),(445,28,15,10,NULL,'absent','2026-03-18 04:07:14','64','Unknown Teacher'),(446,29,15,10,NULL,'absent','2026-03-18 04:07:14','64','Unknown Teacher'),(447,30,15,10,NULL,'absent','2026-03-18 04:07:14','64','Unknown Teacher'),(448,31,15,10,NULL,'absent','2026-03-18 04:07:14','64','Unknown Teacher'),(449,32,15,10,NULL,'absent','2026-03-18 04:07:14','64','Unknown Teacher'),(450,33,15,10,NULL,'absent','2026-03-18 04:07:14','64','Unknown Teacher'),(451,34,15,10,NULL,'absent','2026-03-18 04:07:14','64','Unknown Teacher'),(452,35,15,10,NULL,'absent','2026-03-18 04:07:14','64','Unknown Teacher'),(453,36,15,10,NULL,'absent','2026-03-18 04:07:14','64','Unknown Teacher'),(454,37,15,10,NULL,'absent','2026-03-18 04:07:14','64','Unknown Teacher'),(455,38,15,10,NULL,'absent','2026-03-18 04:07:14','64','Unknown Teacher'),(456,39,15,10,NULL,'absent','2026-03-18 04:07:14','64','Unknown Teacher'),(457,40,15,10,NULL,'absent','2026-03-18 04:07:14','64','Unknown Teacher'),(458,41,15,10,NULL,'absent','2026-03-18 04:07:14','64','Unknown Teacher'),(459,42,15,10,NULL,'absent','2026-03-18 04:07:14','64','Unknown Teacher'),(460,43,15,10,NULL,'absent','2026-03-18 04:07:14','64','Unknown Teacher'),(461,44,15,10,NULL,'absent','2026-03-18 04:07:14','64','Unknown Teacher'),(462,45,15,10,NULL,'absent','2026-03-18 04:07:14','64','Unknown Teacher'),(463,46,15,10,NULL,'present','2026-03-18 04:06:52','64','Unknown Teacher'),(464,47,15,10,NULL,'absent','2026-03-18 04:07:14','64','Unknown Teacher'),(465,48,15,10,NULL,'absent','2026-03-18 04:07:14','64','Unknown Teacher'),(466,49,15,10,NULL,'absent','2026-03-18 04:07:14','64','Unknown Teacher'),(467,50,15,10,NULL,'absent','2026-03-18 04:07:14','64','Unknown Teacher'),(468,51,15,10,NULL,'absent','2026-03-18 04:07:14','64','Unknown Teacher'),(469,52,15,10,NULL,'absent','2026-03-18 04:07:14','64','Unknown Teacher'),(470,53,15,10,NULL,'absent','2026-03-18 04:07:14','64','Unknown Teacher'),(471,54,15,10,NULL,'absent','2026-03-18 04:07:14','64','Unknown Teacher'),(472,55,15,10,NULL,'absent','2026-03-18 04:07:14','64','Unknown Teacher'),(473,56,15,10,NULL,'absent','2026-03-18 04:07:14','64','Unknown Teacher'),(474,57,15,10,NULL,'absent','2026-03-18 04:07:14','64','Unknown Teacher'),(475,16,15,10,NULL,'absent','2026-03-18 04:14:36','64','Unknown Teacher'),(476,17,15,10,NULL,'absent','2026-03-18 04:14:36','64','Unknown Teacher'),(477,18,15,10,NULL,'absent','2026-03-18 04:14:36','64','Unknown Teacher'),(478,19,15,10,NULL,'absent','2026-03-18 04:14:36','64','Unknown Teacher'),(479,20,15,10,NULL,'absent','2026-03-18 04:14:36','64','Unknown Teacher'),(480,21,15,10,NULL,'absent','2026-03-18 04:14:36','64','Unknown Teacher'),(481,22,15,10,NULL,'absent','2026-03-18 04:14:36','64','Unknown Teacher'),(482,23,15,10,NULL,'absent','2026-03-18 04:14:36','64','Unknown Teacher'),(483,24,15,10,NULL,'absent','2026-03-18 04:14:36','64','Unknown Teacher'),(484,25,15,10,NULL,'absent','2026-03-18 04:14:36','64','Unknown Teacher'),(485,26,15,10,NULL,'absent','2026-03-18 04:14:36','64','Unknown Teacher'),(486,27,15,10,NULL,'absent','2026-03-18 04:14:36','64','Unknown Teacher'),(487,28,15,10,NULL,'absent','2026-03-18 04:14:36','64','Unknown Teacher'),(488,29,15,10,NULL,'absent','2026-03-18 04:14:36','64','Unknown Teacher'),(489,30,15,10,NULL,'absent','2026-03-18 04:14:36','64','Unknown Teacher'),(490,31,15,10,NULL,'absent','2026-03-18 04:14:36','64','Unknown Teacher'),(491,32,15,10,NULL,'absent','2026-03-18 04:14:36','64','Unknown Teacher'),(492,33,15,10,NULL,'absent','2026-03-18 04:14:36','64','Unknown Teacher'),(493,34,15,10,NULL,'absent','2026-03-18 04:14:36','64','Unknown Teacher'),(494,35,15,10,NULL,'absent','2026-03-18 04:14:36','64','Unknown Teacher'),(495,36,15,10,NULL,'absent','2026-03-18 04:14:36','64','Unknown Teacher'),(496,37,15,10,NULL,'absent','2026-03-18 04:14:36','64','Unknown Teacher'),(497,38,15,10,NULL,'absent','2026-03-18 04:14:36','64','Unknown Teacher'),(498,39,15,10,NULL,'absent','2026-03-18 04:14:36','64','Unknown Teacher'),(499,40,15,10,NULL,'absent','2026-03-18 04:14:36','64','Unknown Teacher'),(500,41,15,10,NULL,'absent','2026-03-18 04:14:36','64','Unknown Teacher'),(501,42,15,10,NULL,'absent','2026-03-18 04:14:36','64','Unknown Teacher'),(502,43,15,10,NULL,'absent','2026-03-18 04:14:36','64','Unknown Teacher'),(503,44,15,10,NULL,'absent','2026-03-18 04:14:36','64','Unknown Teacher'),(504,45,15,10,NULL,'absent','2026-03-18 04:14:36','64','Unknown Teacher'),(505,46,15,10,NULL,'present','2026-03-18 04:13:56','64','Unknown Teacher'),(506,47,15,10,NULL,'absent','2026-03-18 04:14:36','64','Unknown Teacher'),(507,48,15,10,NULL,'absent','2026-03-18 04:14:36','64','Unknown Teacher'),(508,49,15,10,NULL,'absent','2026-03-18 04:14:36','64','Unknown Teacher'),(509,50,15,10,NULL,'absent','2026-03-18 04:14:36','64','Unknown Teacher'),(510,51,15,10,NULL,'absent','2026-03-18 04:14:36','64','Unknown Teacher'),(511,52,15,10,NULL,'absent','2026-03-18 04:14:36','64','Unknown Teacher'),(512,53,15,10,NULL,'absent','2026-03-18 04:14:36','64','Unknown Teacher'),(513,54,15,10,NULL,'absent','2026-03-18 04:14:36','64','Unknown Teacher'),(514,55,15,10,NULL,'absent','2026-03-18 04:14:36','64','Unknown Teacher'),(515,56,15,10,NULL,'absent','2026-03-18 04:14:36','64','Unknown Teacher'),(516,57,15,10,NULL,'absent','2026-03-18 04:14:36','64','Unknown Teacher'),(517,16,15,11,NULL,'absent','2026-03-18 04:37:18','64','Unknown Teacher'),(518,17,15,11,NULL,'absent','2026-03-18 04:37:18','64','Unknown Teacher'),(519,18,15,11,NULL,'absent','2026-03-18 04:37:18','64','Unknown Teacher'),(520,19,15,11,NULL,'absent','2026-03-18 04:37:18','64','Unknown Teacher'),(521,20,15,11,NULL,'absent','2026-03-18 04:37:18','64','Unknown Teacher'),(522,21,15,11,NULL,'absent','2026-03-18 04:37:18','64','Unknown Teacher'),(523,22,15,11,NULL,'absent','2026-03-18 04:37:18','64','Unknown Teacher'),(524,23,15,11,NULL,'absent','2026-03-18 04:37:18','64','Unknown Teacher'),(525,24,15,11,NULL,'absent','2026-03-18 04:37:18','64','Unknown Teacher'),(526,25,15,11,NULL,'absent','2026-03-18 04:37:18','64','Unknown Teacher'),(527,26,15,11,NULL,'absent','2026-03-18 04:37:18','64','Unknown Teacher'),(528,27,15,11,NULL,'absent','2026-03-18 04:37:18','64','Unknown Teacher'),(529,28,15,11,NULL,'absent','2026-03-18 04:37:18','64','Unknown Teacher'),(530,29,15,11,NULL,'absent','2026-03-18 04:37:18','64','Unknown Teacher'),(531,30,15,11,NULL,'absent','2026-03-18 04:37:18','64','Unknown Teacher'),(532,31,15,11,NULL,'absent','2026-03-18 04:37:18','64','Unknown Teacher'),(533,32,15,11,NULL,'absent','2026-03-18 04:37:18','64','Unknown Teacher'),(534,33,15,11,NULL,'absent','2026-03-18 04:37:18','64','Unknown Teacher'),(535,34,15,11,NULL,'absent','2026-03-18 04:37:18','64','Unknown Teacher'),(536,35,15,11,NULL,'absent','2026-03-18 04:37:18','64','Unknown Teacher'),(537,36,15,11,NULL,'absent','2026-03-18 04:37:18','64','Unknown Teacher'),(538,37,15,11,NULL,'absent','2026-03-18 04:37:18','64','Unknown Teacher'),(539,38,15,11,NULL,'absent','2026-03-18 04:37:18','64','Unknown Teacher'),(540,39,15,11,NULL,'absent','2026-03-18 04:37:18','64','Unknown Teacher'),(541,40,15,11,NULL,'absent','2026-03-18 04:37:18','64','Unknown Teacher'),(542,41,15,11,NULL,'absent','2026-03-18 04:37:18','64','Unknown Teacher'),(543,42,15,11,NULL,'absent','2026-03-18 04:37:18','64','Unknown Teacher'),(544,43,15,11,NULL,'absent','2026-03-18 04:37:18','64','Unknown Teacher'),(545,44,15,11,NULL,'absent','2026-03-18 04:37:18','64','Unknown Teacher'),(546,45,15,11,NULL,'absent','2026-03-18 04:37:18','64','Unknown Teacher'),(547,46,15,11,NULL,'absent','2026-03-18 04:37:18','64','Unknown Teacher'),(548,47,15,11,NULL,'absent','2026-03-18 04:37:18','64','Unknown Teacher'),(549,48,15,11,NULL,'absent','2026-03-18 04:37:18','64','Unknown Teacher'),(550,49,15,11,NULL,'absent','2026-03-18 04:37:18','64','Unknown Teacher'),(551,50,15,11,NULL,'present','2026-03-18 04:36:45','64','Unknown Teacher'),(552,51,15,11,NULL,'absent','2026-03-18 04:37:18','64','Unknown Teacher'),(553,52,15,11,NULL,'absent','2026-03-18 04:37:18','64','Unknown Teacher'),(554,53,15,11,NULL,'absent','2026-03-18 04:37:18','64','Unknown Teacher'),(555,54,15,11,NULL,'absent','2026-03-18 04:37:18','64','Unknown Teacher'),(556,55,15,11,NULL,'absent','2026-03-18 04:37:18','64','Unknown Teacher'),(557,56,15,11,NULL,'absent','2026-03-18 04:37:18','64','Unknown Teacher'),(558,57,15,11,NULL,'absent','2026-03-18 04:37:18','64','Unknown Teacher'),(559,16,17,11,NULL,'absent','2026-03-18 04:38:29','64','Unknown Teacher'),(560,17,17,11,NULL,'absent','2026-03-18 04:38:29','64','Unknown Teacher'),(561,18,17,11,NULL,'absent','2026-03-18 04:38:29','64','Unknown Teacher'),(562,19,17,11,NULL,'absent','2026-03-18 04:38:29','64','Unknown Teacher'),(563,20,17,11,NULL,'absent','2026-03-18 04:38:29','64','Unknown Teacher'),(564,21,17,11,NULL,'absent','2026-03-18 04:38:29','64','Unknown Teacher'),(565,22,17,11,NULL,'absent','2026-03-18 04:38:29','64','Unknown Teacher'),(566,23,17,11,NULL,'absent','2026-03-18 04:38:29','64','Unknown Teacher'),(567,24,17,11,NULL,'absent','2026-03-18 04:38:29','64','Unknown Teacher'),(568,25,17,11,NULL,'absent','2026-03-18 04:38:29','64','Unknown Teacher'),(569,26,17,11,NULL,'absent','2026-03-18 04:38:29','64','Unknown Teacher'),(570,27,17,11,NULL,'absent','2026-03-18 04:38:29','64','Unknown Teacher'),(571,28,17,11,NULL,'absent','2026-03-18 04:38:29','64','Unknown Teacher'),(572,29,17,11,NULL,'absent','2026-03-18 04:38:29','64','Unknown Teacher'),(573,30,17,11,NULL,'absent','2026-03-18 04:38:29','64','Unknown Teacher'),(574,31,17,11,NULL,'absent','2026-03-18 04:38:29','64','Unknown Teacher'),(575,32,17,11,NULL,'absent','2026-03-18 04:38:29','64','Unknown Teacher'),(576,33,17,11,NULL,'absent','2026-03-18 04:38:29','64','Unknown Teacher'),(577,34,17,11,NULL,'absent','2026-03-18 04:38:29','64','Unknown Teacher'),(578,35,17,11,NULL,'absent','2026-03-18 04:38:29','64','Unknown Teacher'),(579,36,17,11,NULL,'absent','2026-03-18 04:38:29','64','Unknown Teacher'),(580,37,17,11,NULL,'absent','2026-03-18 04:38:29','64','Unknown Teacher'),(581,38,17,11,NULL,'absent','2026-03-18 04:38:29','64','Unknown Teacher'),(582,39,17,11,NULL,'absent','2026-03-18 04:38:29','64','Unknown Teacher'),(583,40,17,11,NULL,'absent','2026-03-18 04:38:29','64','Unknown Teacher'),(584,41,17,11,NULL,'absent','2026-03-18 04:38:29','64','Unknown Teacher'),(585,42,17,11,NULL,'absent','2026-03-18 04:38:29','64','Unknown Teacher'),(586,43,17,11,NULL,'absent','2026-03-18 04:38:29','64','Unknown Teacher'),(587,44,17,11,NULL,'absent','2026-03-18 04:38:29','64','Unknown Teacher'),(588,45,17,11,NULL,'absent','2026-03-18 04:38:29','64','Unknown Teacher'),(589,46,17,11,NULL,'absent','2026-03-18 04:38:29','64','Unknown Teacher'),(590,47,17,11,NULL,'absent','2026-03-18 04:38:29','64','Unknown Teacher'),(591,48,17,11,NULL,'absent','2026-03-18 04:38:29','64','Unknown Teacher'),(592,49,17,11,NULL,'absent','2026-03-18 04:38:29','64','Unknown Teacher'),(593,50,17,11,NULL,'present','2026-03-18 04:37:59','64','Unknown Teacher'),(594,51,17,11,NULL,'absent','2026-03-18 04:38:29','64','Unknown Teacher'),(595,52,17,11,NULL,'absent','2026-03-18 04:38:29','64','Unknown Teacher'),(596,53,17,11,NULL,'absent','2026-03-18 04:38:29','64','Unknown Teacher'),(597,54,17,11,NULL,'absent','2026-03-18 04:38:29','64','Unknown Teacher'),(598,55,17,11,NULL,'absent','2026-03-18 04:38:29','64','Unknown Teacher'),(599,56,17,11,NULL,'absent','2026-03-18 04:38:29','64','Unknown Teacher'),(600,57,17,11,NULL,'absent','2026-03-18 04:38:29','64','Unknown Teacher'),(601,16,15,12,NULL,'absent','2026-03-18 04:40:24','64','Unknown Teacher'),(602,17,15,12,NULL,'absent','2026-03-18 04:40:24','64','Unknown Teacher'),(603,18,15,12,NULL,'absent','2026-03-18 04:40:24','64','Unknown Teacher'),(604,19,15,12,NULL,'absent','2026-03-18 04:40:24','64','Unknown Teacher'),(605,20,15,12,NULL,'absent','2026-03-18 04:40:24','64','Unknown Teacher'),(606,21,15,12,NULL,'absent','2026-03-18 04:40:24','64','Unknown Teacher'),(607,22,15,12,NULL,'absent','2026-03-18 04:40:24','64','Unknown Teacher'),(608,23,15,12,NULL,'absent','2026-03-18 04:40:24','64','Unknown Teacher'),(609,24,15,12,NULL,'absent','2026-03-18 04:40:24','64','Unknown Teacher'),(610,25,15,12,NULL,'absent','2026-03-18 04:40:24','64','Unknown Teacher'),(611,26,15,12,NULL,'absent','2026-03-18 04:40:24','64','Unknown Teacher'),(612,27,15,12,NULL,'absent','2026-03-18 04:40:24','64','Unknown Teacher'),(613,28,15,12,NULL,'absent','2026-03-18 04:40:24','64','Unknown Teacher'),(614,29,15,12,NULL,'absent','2026-03-18 04:40:24','64','Unknown Teacher'),(615,30,15,12,NULL,'absent','2026-03-18 04:40:24','64','Unknown Teacher'),(616,31,15,12,NULL,'absent','2026-03-18 04:40:24','64','Unknown Teacher'),(617,32,15,12,NULL,'absent','2026-03-18 04:40:24','64','Unknown Teacher'),(618,33,15,12,NULL,'absent','2026-03-18 04:40:24','64','Unknown Teacher'),(619,34,15,12,NULL,'absent','2026-03-18 04:40:24','64','Unknown Teacher'),(620,35,15,12,NULL,'absent','2026-03-18 04:40:24','64','Unknown Teacher'),(621,36,15,12,NULL,'absent','2026-03-18 04:40:24','64','Unknown Teacher'),(622,37,15,12,NULL,'absent','2026-03-18 04:40:24','64','Unknown Teacher'),(623,38,15,12,NULL,'absent','2026-03-18 04:40:24','64','Unknown Teacher'),(624,39,15,12,NULL,'absent','2026-03-18 04:40:24','64','Unknown Teacher'),(625,40,15,12,NULL,'absent','2026-03-18 04:40:24','64','Unknown Teacher'),(626,41,15,12,NULL,'absent','2026-03-18 04:40:24','64','Unknown Teacher'),(627,42,15,12,NULL,'absent','2026-03-18 04:40:24','64','Unknown Teacher'),(628,43,15,12,NULL,'absent','2026-03-18 04:40:24','64','Unknown Teacher'),(629,44,15,12,NULL,'absent','2026-03-18 04:40:24','64','Unknown Teacher'),(630,45,15,12,NULL,'absent','2026-03-18 04:40:24','64','Unknown Teacher'),(631,46,15,12,NULL,'absent','2026-03-18 04:40:24','64','Unknown Teacher'),(632,47,15,12,NULL,'absent','2026-03-18 04:40:24','64','Unknown Teacher'),(633,48,15,12,NULL,'absent','2026-03-18 04:40:24','64','Unknown Teacher'),(634,49,15,12,NULL,'absent','2026-03-18 04:40:24','64','Unknown Teacher'),(635,50,15,12,NULL,'present','2026-03-18 04:39:29','64','Unknown Teacher'),(636,51,15,12,NULL,'absent','2026-03-18 04:40:24','64','Unknown Teacher'),(637,52,15,12,NULL,'absent','2026-03-18 04:40:24','64','Unknown Teacher'),(638,53,15,12,NULL,'absent','2026-03-18 04:40:24','64','Unknown Teacher'),(639,54,15,12,NULL,'absent','2026-03-18 04:40:24','64','Unknown Teacher'),(640,55,15,12,NULL,'absent','2026-03-18 04:40:24','64','Unknown Teacher'),(641,56,15,12,NULL,'absent','2026-03-18 04:40:24','64','Unknown Teacher'),(642,57,15,12,NULL,'absent','2026-03-18 04:40:24','64','Unknown Teacher'),(643,16,15,11,NULL,'absent','2026-03-18 05:24:12','64','Unknown Teacher'),(644,17,15,11,NULL,'absent','2026-03-18 05:24:12','64','Unknown Teacher'),(645,18,15,11,NULL,'absent','2026-03-18 05:24:12','64','Unknown Teacher'),(646,19,15,11,NULL,'absent','2026-03-18 05:24:12','64','Unknown Teacher'),(647,20,15,11,NULL,'absent','2026-03-18 05:22:47','64','Unknown Teacher'),(648,21,15,11,NULL,'absent','2026-03-18 05:24:12','64','Unknown Teacher'),(649,22,15,11,NULL,'absent','2026-03-18 05:24:12','64','Unknown Teacher'),(650,23,15,11,NULL,'absent','2026-03-18 05:24:12','64','Unknown Teacher'),(651,24,15,11,NULL,'absent','2026-03-18 05:24:12','64','Unknown Teacher'),(652,25,15,11,NULL,'absent','2026-03-18 05:24:12','64','Unknown Teacher'),(653,26,15,11,NULL,'absent','2026-03-18 05:24:12','64','Unknown Teacher'),(654,27,15,11,NULL,'absent','2026-03-18 05:24:12','64','Unknown Teacher'),(655,28,15,11,NULL,'absent','2026-03-18 05:24:12','64','Unknown Teacher'),(656,29,15,11,NULL,'absent','2026-03-18 05:24:12','64','Unknown Teacher'),(657,30,15,11,NULL,'absent','2026-03-18 05:24:12','64','Unknown Teacher'),(658,31,15,11,NULL,'absent','2026-03-18 05:24:12','64','Unknown Teacher'),(659,32,15,11,NULL,'absent','2026-03-18 05:24:12','64','Unknown Teacher'),(660,33,15,11,NULL,'absent','2026-03-18 05:24:12','64','Unknown Teacher'),(661,34,15,11,NULL,'absent','2026-03-18 05:24:12','64','Unknown Teacher'),(662,35,15,11,NULL,'absent','2026-03-18 05:24:12','64','Unknown Teacher'),(663,36,15,11,NULL,'absent','2026-03-18 05:24:12','64','Unknown Teacher'),(664,37,15,11,NULL,'absent','2026-03-18 05:24:12','64','Unknown Teacher'),(665,38,15,11,NULL,'absent','2026-03-18 05:24:12','64','Unknown Teacher'),(666,39,15,11,NULL,'absent','2026-03-18 05:24:12','64','Unknown Teacher'),(667,40,15,11,NULL,'absent','2026-03-18 05:24:12','64','Unknown Teacher'),(668,41,15,11,NULL,'absent','2026-03-18 05:22:41','64','Unknown Teacher'),(669,42,15,11,NULL,'absent','2026-03-18 05:24:12','64','Unknown Teacher'),(670,43,15,11,NULL,'absent','2026-03-18 05:24:12','64','Unknown Teacher'),(671,44,15,11,NULL,'absent','2026-03-18 05:22:27','64','Unknown Teacher'),(672,45,15,11,NULL,'absent','2026-03-18 05:24:12','64','Unknown Teacher'),(673,46,15,11,NULL,'absent','2026-03-18 05:23:53','64','Unknown Teacher'),(674,47,15,11,NULL,'absent','2026-03-18 05:24:12','64','Unknown Teacher'),(675,48,15,11,NULL,'absent','2026-03-18 05:24:12','64','Unknown Teacher'),(676,49,15,11,NULL,'absent','2026-03-18 05:24:12','64','Unknown Teacher'),(677,50,15,11,NULL,'absent','2026-03-18 05:23:49','64','Unknown Teacher'),(678,51,15,11,NULL,'absent','2026-03-18 05:24:12','64','Unknown Teacher'),(679,52,15,11,NULL,'absent','2026-03-18 05:24:12','64','Unknown Teacher'),(680,53,15,11,NULL,'absent','2026-03-18 05:24:12','64','Unknown Teacher'),(681,54,15,11,NULL,'absent','2026-03-18 05:24:12','64','Unknown Teacher'),(682,55,15,11,NULL,'absent','2026-03-18 05:24:12','64','Unknown Teacher'),(683,56,15,11,NULL,'absent','2026-03-18 05:24:12','64','Unknown Teacher'),(684,57,15,11,NULL,'absent','2026-03-18 05:24:12','64','Unknown Teacher'),(685,16,15,12,NULL,'absent','2026-03-18 05:27:36','64','Unknown Teacher'),(686,17,15,12,NULL,'absent','2026-03-18 05:27:36','64','Unknown Teacher'),(687,18,15,12,NULL,'absent','2026-03-18 05:27:36','64','Unknown Teacher'),(688,19,15,12,NULL,'absent','2026-03-18 05:27:36','64','Unknown Teacher'),(689,20,15,12,NULL,'absent','2026-03-18 05:27:36','64','Unknown Teacher'),(690,21,15,12,NULL,'absent','2026-03-18 05:27:36','64','Unknown Teacher'),(691,22,15,12,NULL,'absent','2026-03-18 05:27:36','64','Unknown Teacher'),(692,23,15,12,NULL,'absent','2026-03-18 05:27:36','64','Unknown Teacher'),(693,24,15,12,NULL,'absent','2026-03-18 05:27:36','64','Unknown Teacher'),(694,25,15,12,NULL,'absent','2026-03-18 05:27:36','64','Unknown Teacher'),(695,26,15,12,NULL,'absent','2026-03-18 05:27:36','64','Unknown Teacher'),(696,27,15,12,NULL,'absent','2026-03-18 05:27:36','64','Unknown Teacher'),(697,28,15,12,NULL,'absent','2026-03-18 05:27:36','64','Unknown Teacher'),(698,29,15,12,NULL,'absent','2026-03-18 05:27:36','64','Unknown Teacher'),(699,30,15,12,NULL,'absent','2026-03-18 05:27:36','64','Unknown Teacher'),(700,31,15,12,NULL,'absent','2026-03-18 05:27:36','64','Unknown Teacher'),(701,32,15,12,NULL,'absent','2026-03-18 05:27:36','64','Unknown Teacher'),(702,33,15,12,NULL,'absent','2026-03-18 05:27:36','64','Unknown Teacher'),(703,34,15,12,NULL,'absent','2026-03-18 05:27:36','64','Unknown Teacher'),(704,35,15,12,NULL,'absent','2026-03-18 05:27:36','64','Unknown Teacher'),(705,36,15,12,NULL,'absent','2026-03-18 05:27:36','64','Unknown Teacher'),(706,37,15,12,NULL,'absent','2026-03-18 05:27:36','64','Unknown Teacher'),(707,38,15,12,NULL,'absent','2026-03-18 05:27:36','64','Unknown Teacher'),(708,39,15,12,NULL,'absent','2026-03-18 05:27:36','64','Unknown Teacher'),(709,40,15,12,NULL,'absent','2026-03-18 05:27:36','64','Unknown Teacher'),(710,41,15,12,NULL,'absent','2026-03-18 05:27:36','64','Unknown Teacher'),(711,42,15,12,NULL,'absent','2026-03-18 05:27:36','64','Unknown Teacher'),(712,43,15,12,NULL,'absent','2026-03-18 05:27:36','64','Unknown Teacher'),(713,44,15,12,NULL,'absent','2026-03-18 05:27:36','64','Unknown Teacher'),(714,45,15,12,NULL,'absent','2026-03-18 05:27:36','64','Unknown Teacher'),(715,46,15,12,NULL,'absent','2026-03-18 05:27:36','64','Unknown Teacher'),(716,47,15,12,NULL,'absent','2026-03-18 05:27:36','64','Unknown Teacher'),(717,48,15,12,NULL,'absent','2026-03-18 05:27:36','64','Unknown Teacher'),(718,49,15,12,NULL,'absent','2026-03-18 05:27:36','64','Unknown Teacher'),(719,50,15,12,NULL,'absent','2026-03-18 05:27:36','64','Unknown Teacher'),(720,51,15,12,NULL,'absent','2026-03-18 05:27:36','64','Unknown Teacher'),(721,52,15,12,NULL,'absent','2026-03-18 05:27:36','64','Unknown Teacher'),(722,53,15,12,NULL,'absent','2026-03-18 05:27:36','64','Unknown Teacher'),(723,54,15,12,NULL,'absent','2026-03-18 05:27:36','64','Unknown Teacher'),(724,55,15,12,NULL,'absent','2026-03-18 05:27:36','64','Unknown Teacher'),(725,56,15,12,NULL,'absent','2026-03-18 05:27:36','64','Unknown Teacher'),(726,57,15,12,NULL,'absent','2026-03-18 05:27:36','64','Unknown Teacher'),(727,16,14,12,NULL,'absent','2026-03-18 05:38:53','61','Dr. Fr. Anil George K CMI'),(728,17,14,12,NULL,'absent','2026-03-18 05:38:53','61','Dr. Fr. Anil George K CMI'),(729,18,14,12,NULL,'absent','2026-03-18 05:38:53','61','Dr. Fr. Anil George K CMI'),(730,19,14,12,NULL,'absent','2026-03-18 05:38:53','61','Dr. Fr. Anil George K CMI'),(731,20,14,12,NULL,'absent','2026-03-18 05:38:53','61','Dr. Fr. Anil George K CMI'),(732,21,14,12,NULL,'absent','2026-03-18 05:38:53','61','Dr. Fr. Anil George K CMI'),(733,22,14,12,NULL,'absent','2026-03-18 05:38:53','61','Dr. Fr. Anil George K CMI'),(734,23,14,12,NULL,'absent','2026-03-18 05:38:53','61','Dr. Fr. Anil George K CMI'),(735,24,14,12,NULL,'absent','2026-03-18 05:38:53','61','Dr. Fr. Anil George K CMI'),(736,25,14,12,NULL,'absent','2026-03-18 05:38:53','61','Dr. Fr. Anil George K CMI'),(737,26,14,12,NULL,'absent','2026-03-18 05:38:53','61','Dr. Fr. Anil George K CMI'),(738,27,14,12,NULL,'absent','2026-03-18 05:38:53','61','Dr. Fr. Anil George K CMI'),(739,28,14,12,NULL,'absent','2026-03-18 05:38:53','61','Dr. Fr. Anil George K CMI'),(740,29,14,12,NULL,'absent','2026-03-18 05:38:53','61','Dr. Fr. Anil George K CMI'),(741,30,14,12,NULL,'absent','2026-03-18 05:38:53','61','Dr. Fr. Anil George K CMI'),(742,31,14,12,NULL,'absent','2026-03-18 05:38:53','61','Dr. Fr. Anil George K CMI'),(743,32,14,12,NULL,'absent','2026-03-18 05:38:53','61','Dr. Fr. Anil George K CMI'),(744,33,14,12,NULL,'absent','2026-03-18 05:38:53','61','Dr. Fr. Anil George K CMI'),(745,34,14,12,NULL,'absent','2026-03-18 05:38:53','61','Dr. Fr. Anil George K CMI'),(746,35,14,12,NULL,'absent','2026-03-18 05:38:53','61','Dr. Fr. Anil George K CMI'),(747,36,14,12,NULL,'absent','2026-03-18 05:38:53','61','Dr. Fr. Anil George K CMI'),(748,37,14,12,NULL,'absent','2026-03-18 05:38:53','61','Dr. Fr. Anil George K CMI'),(749,38,14,12,NULL,'absent','2026-03-18 05:38:53','61','Dr. Fr. Anil George K CMI'),(750,39,14,12,NULL,'absent','2026-03-18 05:38:53','61','Dr. Fr. Anil George K CMI'),(751,40,14,12,NULL,'absent','2026-03-18 05:38:53','61','Dr. Fr. Anil George K CMI'),(752,41,14,12,NULL,'absent','2026-03-18 05:38:53','61','Dr. Fr. Anil George K CMI'),(753,42,14,12,NULL,'absent','2026-03-18 05:38:53','61','Dr. Fr. Anil George K CMI'),(754,43,14,12,NULL,'absent','2026-03-18 05:38:53','61','Dr. Fr. Anil George K CMI'),(755,44,14,12,NULL,'absent','2026-03-18 05:38:53','61','Dr. Fr. Anil George K CMI'),(756,45,14,12,NULL,'absent','2026-03-18 05:38:53','61','Dr. Fr. Anil George K CMI'),(757,46,14,12,NULL,'absent','2026-03-18 05:38:53','61','Dr. Fr. Anil George K CMI'),(758,47,14,12,NULL,'absent','2026-03-18 05:38:53','61','Dr. Fr. Anil George K CMI'),(759,48,14,12,NULL,'absent','2026-03-18 05:38:53','61','Dr. Fr. Anil George K CMI'),(760,49,14,12,NULL,'absent','2026-03-18 05:38:53','61','Dr. Fr. Anil George K CMI'),(761,50,14,12,NULL,'present','2026-03-18 05:37:39','61','Dr. Fr. Anil George K CMI'),(762,51,14,12,NULL,'absent','2026-03-18 05:38:53','61','Dr. Fr. Anil George K CMI'),(763,52,14,12,NULL,'absent','2026-03-18 05:38:53','61','Dr. Fr. Anil George K CMI'),(764,53,14,12,NULL,'absent','2026-03-18 05:38:53','61','Dr. Fr. Anil George K CMI'),(765,54,14,12,NULL,'absent','2026-03-18 05:38:53','61','Dr. Fr. Anil George K CMI'),(766,55,14,12,NULL,'absent','2026-03-18 05:38:53','61','Dr. Fr. Anil George K CMI'),(767,56,14,12,NULL,'absent','2026-03-18 05:38:53','61','Dr. Fr. Anil George K CMI'),(768,57,14,12,NULL,'absent','2026-03-18 05:38:53','61','Dr. Fr. Anil George K CMI'),(769,16,14,11,NULL,'absent','2026-03-18 05:41:41','61','Dr. Fr. Anil George K CMI'),(770,17,14,11,NULL,'absent','2026-03-18 05:41:41','61','Dr. Fr. Anil George K CMI'),(771,18,14,11,NULL,'absent','2026-03-18 05:41:41','61','Dr. Fr. Anil George K CMI'),(772,19,14,11,NULL,'absent','2026-03-18 05:41:41','61','Dr. Fr. Anil George K CMI'),(773,20,14,11,NULL,'absent','2026-03-18 05:41:41','61','Dr. Fr. Anil George K CMI'),(774,21,14,11,NULL,'absent','2026-03-18 05:41:41','61','Dr. Fr. Anil George K CMI'),(775,22,14,11,NULL,'absent','2026-03-18 05:41:41','61','Dr. Fr. Anil George K CMI'),(776,23,14,11,NULL,'absent','2026-03-18 05:41:41','61','Dr. Fr. Anil George K CMI'),(777,24,14,11,NULL,'absent','2026-03-18 05:41:41','61','Dr. Fr. Anil George K CMI'),(778,25,14,11,NULL,'absent','2026-03-18 05:41:41','61','Dr. Fr. Anil George K CMI'),(779,26,14,11,NULL,'absent','2026-03-18 05:41:41','61','Dr. Fr. Anil George K CMI'),(780,27,14,11,NULL,'absent','2026-03-18 05:41:41','61','Dr. Fr. Anil George K CMI'),(781,28,14,11,NULL,'absent','2026-03-18 05:41:41','61','Dr. Fr. Anil George K CMI'),(782,29,14,11,NULL,'absent','2026-03-18 05:41:41','61','Dr. Fr. Anil George K CMI'),(783,30,14,11,NULL,'absent','2026-03-18 05:41:41','61','Dr. Fr. Anil George K CMI'),(784,31,14,11,NULL,'absent','2026-03-18 05:41:41','61','Dr. Fr. Anil George K CMI'),(785,32,14,11,NULL,'absent','2026-03-18 05:41:41','61','Dr. Fr. Anil George K CMI'),(786,33,14,11,NULL,'absent','2026-03-18 05:41:41','61','Dr. Fr. Anil George K CMI'),(787,34,14,11,NULL,'absent','2026-03-18 05:41:41','61','Dr. Fr. Anil George K CMI'),(788,35,14,11,NULL,'absent','2026-03-18 05:41:41','61','Dr. Fr. Anil George K CMI'),(789,36,14,11,NULL,'absent','2026-03-18 05:41:41','61','Dr. Fr. Anil George K CMI'),(790,37,14,11,NULL,'absent','2026-03-18 05:41:41','61','Dr. Fr. Anil George K CMI'),(791,38,14,11,NULL,'absent','2026-03-18 05:41:41','61','Dr. Fr. Anil George K CMI'),(792,39,14,11,NULL,'absent','2026-03-18 05:41:41','61','Dr. Fr. Anil George K CMI'),(793,40,14,11,NULL,'absent','2026-03-18 05:41:41','61','Dr. Fr. Anil George K CMI'),(794,41,14,11,NULL,'absent','2026-03-18 05:41:41','61','Dr. Fr. Anil George K CMI'),(795,42,14,11,NULL,'absent','2026-03-18 05:41:41','61','Dr. Fr. Anil George K CMI'),(796,43,14,11,NULL,'absent','2026-03-18 05:41:41','61','Dr. Fr. Anil George K CMI'),(797,44,14,11,NULL,'absent','2026-03-18 05:41:41','61','Dr. Fr. Anil George K CMI'),(798,45,14,11,NULL,'absent','2026-03-18 05:41:41','61','Dr. Fr. Anil George K CMI'),(799,46,14,11,NULL,'absent','2026-03-18 05:41:41','61','Dr. Fr. Anil George K CMI'),(800,47,14,11,NULL,'absent','2026-03-18 05:41:41','61','Dr. Fr. Anil George K CMI'),(801,48,14,11,NULL,'absent','2026-03-18 05:41:41','61','Dr. Fr. Anil George K CMI'),(802,49,14,11,NULL,'absent','2026-03-18 05:41:41','61','Dr. Fr. Anil George K CMI'),(803,50,14,11,NULL,'present','2026-03-18 05:41:04','61','Dr. Fr. Anil George K CMI'),(804,51,14,11,NULL,'absent','2026-03-18 05:41:41','61','Dr. Fr. Anil George K CMI'),(805,52,14,11,NULL,'absent','2026-03-18 05:41:41','61','Dr. Fr. Anil George K CMI'),(806,53,14,11,NULL,'absent','2026-03-18 05:41:41','61','Dr. Fr. Anil George K CMI'),(807,54,14,11,NULL,'absent','2026-03-18 05:41:41','61','Dr. Fr. Anil George K CMI'),(808,55,14,11,NULL,'absent','2026-03-18 05:41:41','61','Dr. Fr. Anil George K CMI'),(809,56,14,11,NULL,'absent','2026-03-18 05:41:41','61','Dr. Fr. Anil George K CMI'),(810,57,14,11,NULL,'absent','2026-03-18 05:41:41','61','Dr. Fr. Anil George K CMI'),(811,16,14,4,NULL,'absent','2026-03-19 18:19:21','61','Dr. Fr. Anil George K CMI'),(812,17,14,4,NULL,'absent','2026-03-19 18:19:21','61','Dr. Fr. Anil George K CMI'),(813,18,14,4,NULL,'absent','2026-03-19 18:19:21','61','Dr. Fr. Anil George K CMI'),(814,19,14,4,NULL,'absent','2026-03-19 18:19:21','61','Dr. Fr. Anil George K CMI'),(815,20,14,4,NULL,'absent','2026-03-19 18:19:21','61','Dr. Fr. Anil George K CMI'),(816,21,14,4,NULL,'absent','2026-03-19 18:19:21','61','Dr. Fr. Anil George K CMI'),(817,22,14,4,NULL,'absent','2026-03-19 18:19:21','61','Dr. Fr. Anil George K CMI'),(818,23,14,4,NULL,'absent','2026-03-19 18:19:21','61','Dr. Fr. Anil George K CMI'),(819,24,14,4,NULL,'absent','2026-03-19 18:19:21','61','Dr. Fr. Anil George K CMI'),(820,25,14,4,NULL,'absent','2026-03-19 18:19:21','61','Dr. Fr. Anil George K CMI'),(821,26,14,4,NULL,'absent','2026-03-19 18:19:21','61','Dr. Fr. Anil George K CMI'),(822,27,14,4,NULL,'absent','2026-03-19 18:19:21','61','Dr. Fr. Anil George K CMI'),(823,28,14,4,NULL,'absent','2026-03-19 18:19:21','61','Dr. Fr. Anil George K CMI'),(824,29,14,4,NULL,'absent','2026-03-19 18:19:21','61','Dr. Fr. Anil George K CMI'),(825,30,14,4,NULL,'absent','2026-03-19 18:19:21','61','Dr. Fr. Anil George K CMI'),(826,31,14,4,NULL,'absent','2026-03-19 18:19:21','61','Dr. Fr. Anil George K CMI'),(827,32,14,4,NULL,'absent','2026-03-19 18:19:21','61','Dr. Fr. Anil George K CMI'),(828,33,14,4,NULL,'absent','2026-03-19 18:19:21','61','Dr. Fr. Anil George K CMI'),(829,34,14,4,NULL,'absent','2026-03-19 18:19:21','61','Dr. Fr. Anil George K CMI'),(830,35,14,4,NULL,'absent','2026-03-19 18:19:21','61','Dr. Fr. Anil George K CMI'),(831,36,14,4,NULL,'absent','2026-03-19 18:19:21','61','Dr. Fr. Anil George K CMI'),(832,37,14,4,NULL,'absent','2026-03-19 18:19:21','61','Dr. Fr. Anil George K CMI'),(833,38,14,4,NULL,'absent','2026-03-19 18:19:21','61','Dr. Fr. Anil George K CMI'),(834,39,14,4,NULL,'absent','2026-03-19 18:19:21','61','Dr. Fr. Anil George K CMI'),(835,40,14,4,NULL,'absent','2026-03-19 18:19:21','61','Dr. Fr. Anil George K CMI'),(836,41,14,4,NULL,'absent','2026-03-19 18:19:21','61','Dr. Fr. Anil George K CMI'),(837,42,14,4,NULL,'absent','2026-03-19 18:19:21','61','Dr. Fr. Anil George K CMI'),(838,43,14,4,NULL,'absent','2026-03-19 18:19:21','61','Dr. Fr. Anil George K CMI'),(839,44,14,4,NULL,'absent','2026-03-19 18:19:21','61','Dr. Fr. Anil George K CMI'),(840,45,14,4,NULL,'absent','2026-03-19 18:19:21','61','Dr. Fr. Anil George K CMI'),(841,46,14,4,NULL,'absent','2026-03-19 18:19:21','61','Dr. Fr. Anil George K CMI'),(842,47,14,4,NULL,'absent','2026-03-19 18:19:21','61','Dr. Fr. Anil George K CMI'),(843,48,14,4,NULL,'absent','2026-03-19 18:19:21','61','Dr. Fr. Anil George K CMI'),(844,49,14,4,NULL,'absent','2026-03-19 18:19:21','61','Dr. Fr. Anil George K CMI'),(845,50,14,4,NULL,'absent','2026-03-19 18:19:21','61','Dr. Fr. Anil George K CMI'),(846,51,14,4,NULL,'absent','2026-03-19 18:19:21','61','Dr. Fr. Anil George K CMI'),(847,52,14,4,NULL,'absent','2026-03-19 18:19:21','61','Dr. Fr. Anil George K CMI'),(848,53,14,4,NULL,'absent','2026-03-19 18:19:21','61','Dr. Fr. Anil George K CMI'),(849,54,14,4,NULL,'absent','2026-03-19 18:19:21','61','Dr. Fr. Anil George K CMI'),(850,55,14,4,NULL,'absent','2026-03-19 18:19:21','61','Dr. Fr. Anil George K CMI'),(851,56,14,4,NULL,'absent','2026-03-19 18:19:21','61','Dr. Fr. Anil George K CMI'),(852,57,14,4,NULL,'absent','2026-03-19 18:19:21','61','Dr. Fr. Anil George K CMI'),(853,16,14,13,NULL,'absent','2026-03-19 18:29:53','61','Dr. Fr. Anil George K CMI'),(854,17,14,13,NULL,'absent','2026-03-19 18:29:53','61','Dr. Fr. Anil George K CMI'),(855,18,14,13,NULL,'absent','2026-03-19 18:29:53','61','Dr. Fr. Anil George K CMI'),(856,19,14,13,NULL,'absent','2026-03-19 18:29:53','61','Dr. Fr. Anil George K CMI'),(857,20,14,13,NULL,'absent','2026-03-19 18:29:53','61','Dr. Fr. Anil George K CMI'),(858,21,14,13,NULL,'absent','2026-03-19 18:29:53','61','Dr. Fr. Anil George K CMI'),(859,22,14,13,NULL,'absent','2026-03-19 18:29:53','61','Dr. Fr. Anil George K CMI'),(860,23,14,13,NULL,'absent','2026-03-19 18:29:53','61','Dr. Fr. Anil George K CMI'),(861,24,14,13,NULL,'absent','2026-03-19 18:29:53','61','Dr. Fr. Anil George K CMI'),(862,25,14,13,NULL,'absent','2026-03-19 18:29:53','61','Dr. Fr. Anil George K CMI'),(863,26,14,13,NULL,'absent','2026-03-19 18:29:53','61','Dr. Fr. Anil George K CMI'),(864,27,14,13,NULL,'absent','2026-03-19 18:29:53','61','Dr. Fr. Anil George K CMI'),(865,28,14,13,NULL,'absent','2026-03-19 18:29:53','61','Dr. Fr. Anil George K CMI'),(866,29,14,13,NULL,'absent','2026-03-19 18:29:53','61','Dr. Fr. Anil George K CMI'),(867,30,14,13,NULL,'absent','2026-03-19 18:29:53','61','Dr. Fr. Anil George K CMI'),(868,31,14,13,NULL,'absent','2026-03-19 18:29:53','61','Dr. Fr. Anil George K CMI'),(869,32,14,13,NULL,'absent','2026-03-19 18:29:53','61','Dr. Fr. Anil George K CMI'),(870,33,14,13,NULL,'absent','2026-03-19 18:29:53','61','Dr. Fr. Anil George K CMI'),(871,34,14,13,NULL,'absent','2026-03-19 18:29:53','61','Dr. Fr. Anil George K CMI'),(872,35,14,13,NULL,'absent','2026-03-19 18:29:53','61','Dr. Fr. Anil George K CMI'),(873,36,14,13,NULL,'absent','2026-03-19 18:29:53','61','Dr. Fr. Anil George K CMI'),(874,37,14,13,NULL,'absent','2026-03-19 18:29:53','61','Dr. Fr. Anil George K CMI'),(875,38,14,13,NULL,'absent','2026-03-19 18:29:53','61','Dr. Fr. Anil George K CMI'),(876,39,14,13,NULL,'absent','2026-03-19 18:29:53','61','Dr. Fr. Anil George K CMI'),(877,40,14,13,NULL,'absent','2026-03-19 18:29:53','61','Dr. Fr. Anil George K CMI'),(878,41,14,13,NULL,'absent','2026-03-19 18:29:53','61','Dr. Fr. Anil George K CMI'),(879,42,14,13,NULL,'absent','2026-03-19 18:29:53','61','Dr. Fr. Anil George K CMI'),(880,43,14,13,NULL,'absent','2026-03-19 18:29:53','61','Dr. Fr. Anil George K CMI'),(881,44,14,13,NULL,'absent','2026-03-19 18:29:53','61','Dr. Fr. Anil George K CMI'),(882,45,14,13,NULL,'absent','2026-03-19 18:29:53','61','Dr. Fr. Anil George K CMI'),(883,46,14,13,NULL,'absent','2026-03-19 18:29:53','61','Dr. Fr. Anil George K CMI'),(884,47,14,13,NULL,'absent','2026-03-19 18:29:53','61','Dr. Fr. Anil George K CMI'),(885,48,14,13,NULL,'absent','2026-03-19 18:29:53','61','Dr. Fr. Anil George K CMI'),(886,49,14,13,NULL,'absent','2026-03-19 18:29:53','61','Dr. Fr. Anil George K CMI'),(887,50,14,13,NULL,'absent','2026-03-19 18:29:53','61','Dr. Fr. Anil George K CMI'),(888,51,14,13,NULL,'absent','2026-03-19 18:29:53','61','Dr. Fr. Anil George K CMI'),(889,52,14,13,NULL,'absent','2026-03-19 18:29:53','61','Dr. Fr. Anil George K CMI'),(890,53,14,13,NULL,'absent','2026-03-19 18:29:53','61','Dr. Fr. Anil George K CMI'),(891,54,14,13,NULL,'absent','2026-03-19 18:29:53','61','Dr. Fr. Anil George K CMI'),(892,55,14,13,NULL,'absent','2026-03-19 18:29:53','61','Dr. Fr. Anil George K CMI'),(893,56,14,13,NULL,'absent','2026-03-19 18:29:53','61','Dr. Fr. Anil George K CMI'),(894,57,14,13,NULL,'absent','2026-03-19 18:29:53','61','Dr. Fr. Anil George K CMI'),(895,16,14,13,NULL,'absent','2026-03-19 18:35:57','61','Dr. Fr. Anil George K CMI'),(896,17,14,13,NULL,'absent','2026-03-19 18:35:57','61','Dr. Fr. Anil George K CMI'),(897,18,14,13,NULL,'absent','2026-03-19 18:35:57','61','Dr. Fr. Anil George K CMI'),(898,19,14,13,NULL,'absent','2026-03-19 18:35:57','61','Dr. Fr. Anil George K CMI'),(899,20,14,13,NULL,'absent','2026-03-19 18:35:57','61','Dr. Fr. Anil George K CMI'),(900,21,14,13,NULL,'absent','2026-03-19 18:35:57','61','Dr. Fr. Anil George K CMI'),(901,22,14,13,NULL,'absent','2026-03-19 18:35:57','61','Dr. Fr. Anil George K CMI'),(902,23,14,13,NULL,'absent','2026-03-19 18:35:57','61','Dr. Fr. Anil George K CMI'),(903,24,14,13,NULL,'absent','2026-03-19 18:35:57','61','Dr. Fr. Anil George K CMI'),(904,25,14,13,NULL,'absent','2026-03-19 18:35:57','61','Dr. Fr. Anil George K CMI'),(905,26,14,13,NULL,'absent','2026-03-19 18:35:57','61','Dr. Fr. Anil George K CMI'),(906,27,14,13,NULL,'absent','2026-03-19 18:35:57','61','Dr. Fr. Anil George K CMI'),(907,28,14,13,NULL,'absent','2026-03-19 18:35:57','61','Dr. Fr. Anil George K CMI'),(908,29,14,13,NULL,'absent','2026-03-19 18:35:57','61','Dr. Fr. Anil George K CMI'),(909,30,14,13,NULL,'absent','2026-03-19 18:35:57','61','Dr. Fr. Anil George K CMI'),(910,31,14,13,NULL,'absent','2026-03-19 18:35:57','61','Dr. Fr. Anil George K CMI'),(911,32,14,13,NULL,'absent','2026-03-19 18:35:57','61','Dr. Fr. Anil George K CMI'),(912,33,14,13,NULL,'absent','2026-03-19 18:35:57','61','Dr. Fr. Anil George K CMI'),(913,34,14,13,NULL,'absent','2026-03-19 18:35:57','61','Dr. Fr. Anil George K CMI'),(914,35,14,13,NULL,'absent','2026-03-19 18:35:57','61','Dr. Fr. Anil George K CMI'),(915,36,14,13,NULL,'absent','2026-03-19 18:35:57','61','Dr. Fr. Anil George K CMI'),(916,37,14,13,NULL,'absent','2026-03-19 18:35:57','61','Dr. Fr. Anil George K CMI'),(917,38,14,13,NULL,'absent','2026-03-19 18:35:57','61','Dr. Fr. Anil George K CMI'),(918,39,14,13,NULL,'absent','2026-03-19 18:31:20','61','Dr. Fr. Anil George K CMI'),(919,40,14,13,NULL,'absent','2026-03-19 18:31:19','61','Dr. Fr. Anil George K CMI'),(920,41,14,13,NULL,'present','2026-03-19 18:30:06','61','Dr. Fr. Anil George K CMI'),(921,42,14,13,NULL,'absent','2026-03-19 18:35:57','61','Dr. Fr. Anil George K CMI'),(922,43,14,13,NULL,'absent','2026-03-19 18:35:57','61','Dr. Fr. Anil George K CMI'),(923,44,14,13,NULL,'absent','2026-03-19 18:35:57','61','Dr. Fr. Anil George K CMI'),(924,45,14,13,NULL,'absent','2026-03-19 18:35:57','61','Dr. Fr. Anil George K CMI'),(925,46,14,13,NULL,'absent','2026-03-19 18:35:57','61','Dr. Fr. Anil George K CMI'),(926,47,14,13,NULL,'absent','2026-03-19 18:35:57','61','Dr. Fr. Anil George K CMI'),(927,48,14,13,NULL,'absent','2026-03-19 18:35:57','61','Dr. Fr. Anil George K CMI'),(928,49,14,13,NULL,'absent','2026-03-19 18:35:57','61','Dr. Fr. Anil George K CMI'),(929,50,14,13,NULL,'absent','2026-03-19 18:35:57','61','Dr. Fr. Anil George K CMI'),(930,51,14,13,NULL,'absent','2026-03-19 18:35:57','61','Dr. Fr. Anil George K CMI'),(931,52,14,13,NULL,'absent','2026-03-19 18:35:57','61','Dr. Fr. Anil George K CMI'),(932,53,14,13,NULL,'absent','2026-03-19 18:35:57','61','Dr. Fr. Anil George K CMI'),(933,54,14,13,NULL,'absent','2026-03-19 18:35:57','61','Dr. Fr. Anil George K CMI'),(934,55,14,13,NULL,'absent','2026-03-19 18:35:57','61','Dr. Fr. Anil George K CMI'),(935,56,14,13,NULL,'absent','2026-03-19 18:35:57','61','Dr. Fr. Anil George K CMI'),(936,57,14,13,NULL,'absent','2026-03-19 18:35:57','61','Dr. Fr. Anil George K CMI'),(937,39,14,13,NULL,'present','2026-03-19 18:40:57','61','Dr. Fr. Anil George K CMI'),(938,40,14,13,NULL,'present','2026-03-19 18:40:57','61','Dr. Fr. Anil George K CMI'),(939,41,14,13,NULL,'present','2026-03-19 18:40:57','61','Dr. Fr. Anil George K CMI'),(940,16,14,13,NULL,'absent','2026-03-19 18:50:52','61','Dr. Fr. Anil George K CMI'),(941,17,14,13,NULL,'absent','2026-03-19 18:50:52','61','Dr. Fr. Anil George K CMI'),(942,18,14,13,NULL,'absent','2026-03-19 18:50:52','61','Dr. Fr. Anil George K CMI'),(943,19,14,13,NULL,'absent','2026-03-19 18:50:52','61','Dr. Fr. Anil George K CMI'),(944,20,14,13,NULL,'absent','2026-03-19 18:50:52','61','Dr. Fr. Anil George K CMI'),(945,21,14,13,NULL,'absent','2026-03-19 18:50:52','61','Dr. Fr. Anil George K CMI'),(946,22,14,13,NULL,'absent','2026-03-19 18:50:52','61','Dr. Fr. Anil George K CMI'),(947,23,14,13,NULL,'absent','2026-03-19 18:50:52','61','Dr. Fr. Anil George K CMI'),(948,24,14,13,NULL,'absent','2026-03-19 18:50:52','61','Dr. Fr. Anil George K CMI'),(949,25,14,13,NULL,'absent','2026-03-19 18:50:52','61','Dr. Fr. Anil George K CMI'),(950,26,14,13,NULL,'absent','2026-03-19 18:50:52','61','Dr. Fr. Anil George K CMI'),(951,27,14,13,NULL,'absent','2026-03-19 18:50:52','61','Dr. Fr. Anil George K CMI'),(952,28,14,13,NULL,'absent','2026-03-19 18:50:52','61','Dr. Fr. Anil George K CMI'),(953,29,14,13,NULL,'absent','2026-03-19 18:50:52','61','Dr. Fr. Anil George K CMI'),(954,30,14,13,NULL,'absent','2026-03-19 18:50:52','61','Dr. Fr. Anil George K CMI'),(955,31,14,13,NULL,'absent','2026-03-19 18:50:52','61','Dr. Fr. Anil George K CMI'),(956,32,14,13,NULL,'absent','2026-03-19 18:50:52','61','Dr. Fr. Anil George K CMI'),(957,33,14,13,NULL,'absent','2026-03-19 18:50:52','61','Dr. Fr. Anil George K CMI'),(958,34,14,13,NULL,'absent','2026-03-19 18:50:52','61','Dr. Fr. Anil George K CMI'),(959,35,14,13,NULL,'absent','2026-03-19 18:50:52','61','Dr. Fr. Anil George K CMI'),(960,36,14,13,NULL,'absent','2026-03-19 18:50:52','61','Dr. Fr. Anil George K CMI'),(961,37,14,13,NULL,'absent','2026-03-19 18:50:52','61','Dr. Fr. Anil George K CMI'),(962,38,14,13,NULL,'absent','2026-03-19 18:50:52','61','Dr. Fr. Anil George K CMI'),(963,39,14,13,NULL,'absent','2026-03-19 18:50:52','61','Dr. Fr. Anil George K CMI'),(964,40,14,13,NULL,'absent','2026-03-19 18:50:52','61','Dr. Fr. Anil George K CMI'),(965,41,14,13,NULL,'absent','2026-03-19 18:50:15','61','Dr. Fr. Anil George K CMI'),(966,42,14,13,NULL,'absent','2026-03-19 18:50:52','61','Dr. Fr. Anil George K CMI'),(967,43,14,13,NULL,'absent','2026-03-19 18:50:52','61','Dr. Fr. Anil George K CMI'),(968,44,14,13,NULL,'absent','2026-03-19 18:50:52','61','Dr. Fr. Anil George K CMI'),(969,45,14,13,NULL,'absent','2026-03-19 18:50:52','61','Dr. Fr. Anil George K CMI'),(970,46,14,13,NULL,'absent','2026-03-19 18:50:52','61','Dr. Fr. Anil George K CMI'),(971,47,14,13,NULL,'absent','2026-03-19 18:50:52','61','Dr. Fr. Anil George K CMI'),(972,48,14,13,NULL,'absent','2026-03-19 18:50:52','61','Dr. Fr. Anil George K CMI'),(973,49,14,13,NULL,'absent','2026-03-19 18:50:52','61','Dr. Fr. Anil George K CMI'),(974,50,14,13,NULL,'absent','2026-03-19 18:50:52','61','Dr. Fr. Anil George K CMI'),(975,51,14,13,NULL,'absent','2026-03-19 18:50:52','61','Dr. Fr. Anil George K CMI'),(976,52,14,13,NULL,'absent','2026-03-19 18:50:52','61','Dr. Fr. Anil George K CMI'),(977,53,14,13,NULL,'absent','2026-03-19 18:50:52','61','Dr. Fr. Anil George K CMI'),(978,54,14,13,NULL,'absent','2026-03-19 18:50:52','61','Dr. Fr. Anil George K CMI'),(979,55,14,13,NULL,'absent','2026-03-19 18:50:52','61','Dr. Fr. Anil George K CMI'),(980,56,14,13,NULL,'absent','2026-03-19 18:50:52','61','Dr. Fr. Anil George K CMI'),(981,57,14,13,NULL,'absent','2026-03-19 18:50:52','61','Dr. Fr. Anil George K CMI'),(982,16,15,10,NULL,'absent','2026-03-19 19:34:38','67','Mr. Sijo Jose'),(983,17,15,10,NULL,'absent','2026-03-19 19:34:38','67','Mr. Sijo Jose'),(984,18,15,10,NULL,'absent','2026-03-19 19:34:38','67','Mr. Sijo Jose'),(985,19,15,10,NULL,'absent','2026-03-19 19:34:38','67','Mr. Sijo Jose'),(986,20,15,10,NULL,'absent','2026-03-19 19:34:38','67','Mr. Sijo Jose'),(987,21,15,10,NULL,'absent','2026-03-19 19:34:38','67','Mr. Sijo Jose'),(988,22,15,10,NULL,'absent','2026-03-19 19:34:38','67','Mr. Sijo Jose'),(989,23,15,10,NULL,'absent','2026-03-19 19:34:38','67','Mr. Sijo Jose'),(990,24,15,10,NULL,'absent','2026-03-19 19:34:38','67','Mr. Sijo Jose'),(991,25,15,10,NULL,'absent','2026-03-19 19:34:38','67','Mr. Sijo Jose'),(992,26,15,10,NULL,'absent','2026-03-19 19:34:38','67','Mr. Sijo Jose'),(993,27,15,10,NULL,'absent','2026-03-19 19:34:38','67','Mr. Sijo Jose'),(994,28,15,10,NULL,'absent','2026-03-19 19:34:38','67','Mr. Sijo Jose'),(995,29,15,10,NULL,'absent','2026-03-19 19:34:38','67','Mr. Sijo Jose'),(996,30,15,10,NULL,'absent','2026-03-19 19:34:38','67','Mr. Sijo Jose'),(997,31,15,10,NULL,'absent','2026-03-19 19:34:38','67','Mr. Sijo Jose'),(998,32,15,10,NULL,'absent','2026-03-19 19:34:38','67','Mr. Sijo Jose'),(999,33,15,10,NULL,'absent','2026-03-19 19:34:38','67','Mr. Sijo Jose'),(1000,34,15,10,NULL,'absent','2026-03-19 19:34:38','67','Mr. Sijo Jose'),(1001,35,15,10,NULL,'absent','2026-03-19 19:34:38','67','Mr. Sijo Jose'),(1002,36,15,10,NULL,'absent','2026-03-19 19:34:38','67','Mr. Sijo Jose'),(1003,37,15,10,NULL,'absent','2026-03-19 19:34:38','67','Mr. Sijo Jose'),(1004,38,15,10,NULL,'absent','2026-03-19 19:34:38','67','Mr. Sijo Jose'),(1005,39,15,10,NULL,'absent','2026-03-19 19:34:38','67','Mr. Sijo Jose'),(1006,40,15,10,NULL,'absent','2026-03-19 19:34:38','67','Mr. Sijo Jose'),(1007,41,15,10,NULL,'absent','2026-03-19 19:34:38','67','Mr. Sijo Jose'),(1008,42,15,10,NULL,'absent','2026-03-19 19:34:38','67','Mr. Sijo Jose'),(1009,43,15,10,NULL,'absent','2026-03-19 19:34:38','67','Mr. Sijo Jose'),(1010,44,15,10,NULL,'absent','2026-03-19 19:34:38','67','Mr. Sijo Jose'),(1011,45,15,10,NULL,'absent','2026-03-19 19:34:38','67','Mr. Sijo Jose'),(1012,46,15,10,NULL,'absent','2026-03-19 19:34:38','67','Mr. Sijo Jose'),(1013,47,15,10,NULL,'absent','2026-03-19 19:34:38','67','Mr. Sijo Jose'),(1014,48,15,10,NULL,'absent','2026-03-19 19:34:38','67','Mr. Sijo Jose'),(1015,49,15,10,NULL,'absent','2026-03-19 19:34:38','67','Mr. Sijo Jose'),(1016,50,15,10,NULL,'present','2026-03-19 19:34:15','67','Mr. Sijo Jose'),(1017,51,15,10,NULL,'absent','2026-03-19 19:34:38','67','Mr. Sijo Jose'),(1018,52,15,10,NULL,'absent','2026-03-19 19:34:38','67','Mr. Sijo Jose'),(1019,53,15,10,NULL,'absent','2026-03-19 19:34:38','67','Mr. Sijo Jose'),(1020,54,15,10,NULL,'absent','2026-03-19 19:34:38','67','Mr. Sijo Jose'),(1021,55,15,10,NULL,'absent','2026-03-19 19:34:38','67','Mr. Sijo Jose'),(1022,56,15,10,NULL,'absent','2026-03-19 19:34:38','67','Mr. Sijo Jose'),(1023,57,15,10,NULL,'absent','2026-03-19 19:34:38','67','Mr. Sijo Jose'),(1024,16,18,10,NULL,'absent','2026-03-19 19:36:22','67','Mr. Sijo Jose'),(1025,17,18,10,NULL,'absent','2026-03-19 19:36:22','67','Mr. Sijo Jose'),(1026,18,18,10,NULL,'absent','2026-03-19 19:36:22','67','Mr. Sijo Jose'),(1027,19,18,10,NULL,'absent','2026-03-19 19:36:22','67','Mr. Sijo Jose'),(1028,20,18,10,NULL,'absent','2026-03-19 19:36:22','67','Mr. Sijo Jose'),(1029,21,18,10,NULL,'absent','2026-03-19 19:36:22','67','Mr. Sijo Jose'),(1030,22,18,10,NULL,'absent','2026-03-19 19:36:22','67','Mr. Sijo Jose'),(1031,23,18,10,NULL,'absent','2026-03-19 19:36:22','67','Mr. Sijo Jose'),(1032,24,18,10,NULL,'absent','2026-03-19 19:36:22','67','Mr. Sijo Jose'),(1033,25,18,10,NULL,'absent','2026-03-19 19:36:22','67','Mr. Sijo Jose'),(1034,26,18,10,NULL,'absent','2026-03-19 19:36:22','67','Mr. Sijo Jose'),(1035,27,18,10,NULL,'absent','2026-03-19 19:36:22','67','Mr. Sijo Jose'),(1036,28,18,10,NULL,'absent','2026-03-19 19:36:22','67','Mr. Sijo Jose'),(1037,29,18,10,NULL,'absent','2026-03-19 19:36:22','67','Mr. Sijo Jose'),(1038,30,18,10,NULL,'absent','2026-03-19 19:36:22','67','Mr. Sijo Jose'),(1039,31,18,10,NULL,'absent','2026-03-19 19:36:22','67','Mr. Sijo Jose'),(1040,32,18,10,NULL,'absent','2026-03-19 19:36:22','67','Mr. Sijo Jose'),(1041,33,18,10,NULL,'absent','2026-03-19 19:36:22','67','Mr. Sijo Jose'),(1042,34,18,10,NULL,'absent','2026-03-19 19:36:22','67','Mr. Sijo Jose'),(1043,35,18,10,NULL,'absent','2026-03-19 19:36:22','67','Mr. Sijo Jose'),(1044,36,18,10,NULL,'absent','2026-03-19 19:36:22','67','Mr. Sijo Jose'),(1045,37,18,10,NULL,'absent','2026-03-19 19:36:22','67','Mr. Sijo Jose'),(1046,38,18,10,NULL,'absent','2026-03-19 19:36:22','67','Mr. Sijo Jose'),(1047,39,18,10,NULL,'absent','2026-03-19 19:36:22','67','Mr. Sijo Jose'),(1048,40,18,10,NULL,'absent','2026-03-19 19:36:22','67','Mr. Sijo Jose'),(1049,41,18,10,NULL,'absent','2026-03-19 19:36:22','67','Mr. Sijo Jose'),(1050,42,18,10,NULL,'absent','2026-03-19 19:36:22','67','Mr. Sijo Jose'),(1051,43,18,10,NULL,'absent','2026-03-19 19:36:22','67','Mr. Sijo Jose'),(1052,44,18,10,NULL,'absent','2026-03-19 19:36:22','67','Mr. Sijo Jose'),(1053,45,18,10,NULL,'absent','2026-03-19 19:36:22','67','Mr. Sijo Jose'),(1054,46,18,10,NULL,'absent','2026-03-19 19:36:22','67','Mr. Sijo Jose'),(1055,47,18,10,NULL,'absent','2026-03-19 19:36:22','67','Mr. Sijo Jose'),(1056,48,18,10,NULL,'absent','2026-03-19 19:36:22','67','Mr. Sijo Jose'),(1057,49,18,10,NULL,'absent','2026-03-19 19:36:22','67','Mr. Sijo Jose'),(1058,50,18,10,NULL,'present','2026-03-19 19:36:12','67','Mr. Sijo Jose'),(1059,51,18,10,NULL,'absent','2026-03-19 19:36:22','67','Mr. Sijo Jose'),(1060,52,18,10,NULL,'absent','2026-03-19 19:36:22','67','Mr. Sijo Jose'),(1061,53,18,10,NULL,'absent','2026-03-19 19:36:22','67','Mr. Sijo Jose'),(1062,54,18,10,NULL,'absent','2026-03-19 19:36:22','67','Mr. Sijo Jose'),(1063,55,18,10,NULL,'absent','2026-03-19 19:36:22','67','Mr. Sijo Jose'),(1064,56,18,10,NULL,'absent','2026-03-19 19:36:22','67','Mr. Sijo Jose'),(1065,57,18,10,NULL,'absent','2026-03-19 19:36:22','67','Mr. Sijo Jose'),(1066,16,17,10,NULL,'absent','2026-03-19 19:38:05','67','Mr. Sijo Jose'),(1067,17,17,10,NULL,'absent','2026-03-19 19:38:05','67','Mr. Sijo Jose'),(1068,18,17,10,NULL,'absent','2026-03-19 19:38:05','67','Mr. Sijo Jose'),(1069,19,17,10,NULL,'absent','2026-03-19 19:38:05','67','Mr. Sijo Jose'),(1070,20,17,10,NULL,'absent','2026-03-19 19:38:05','67','Mr. Sijo Jose'),(1071,21,17,10,NULL,'absent','2026-03-19 19:38:05','67','Mr. Sijo Jose'),(1072,22,17,10,NULL,'absent','2026-03-19 19:38:05','67','Mr. Sijo Jose'),(1073,23,17,10,NULL,'absent','2026-03-19 19:38:05','67','Mr. Sijo Jose'),(1074,24,17,10,NULL,'absent','2026-03-19 19:38:05','67','Mr. Sijo Jose'),(1075,25,17,10,NULL,'absent','2026-03-19 19:38:05','67','Mr. Sijo Jose'),(1076,26,17,10,NULL,'absent','2026-03-19 19:38:05','67','Mr. Sijo Jose'),(1077,27,17,10,NULL,'absent','2026-03-19 19:38:05','67','Mr. Sijo Jose'),(1078,28,17,10,NULL,'absent','2026-03-19 19:38:05','67','Mr. Sijo Jose'),(1079,29,17,10,NULL,'absent','2026-03-19 19:38:05','67','Mr. Sijo Jose'),(1080,30,17,10,NULL,'absent','2026-03-19 19:38:05','67','Mr. Sijo Jose'),(1081,31,17,10,NULL,'absent','2026-03-19 19:38:05','67','Mr. Sijo Jose'),(1082,32,17,10,NULL,'absent','2026-03-19 19:38:05','67','Mr. Sijo Jose'),(1083,33,17,10,NULL,'absent','2026-03-19 19:38:05','67','Mr. Sijo Jose'),(1084,34,17,10,NULL,'absent','2026-03-19 19:38:05','67','Mr. Sijo Jose'),(1085,35,17,10,NULL,'absent','2026-03-19 19:38:05','67','Mr. Sijo Jose'),(1086,36,17,10,NULL,'absent','2026-03-19 19:38:05','67','Mr. Sijo Jose'),(1087,37,17,10,NULL,'absent','2026-03-19 19:38:05','67','Mr. Sijo Jose'),(1088,38,17,10,NULL,'absent','2026-03-19 19:38:05','67','Mr. Sijo Jose'),(1089,39,17,10,NULL,'absent','2026-03-19 19:38:05','67','Mr. Sijo Jose'),(1090,40,17,10,NULL,'absent','2026-03-19 19:38:05','67','Mr. Sijo Jose'),(1091,41,17,10,NULL,'absent','2026-03-19 19:38:05','67','Mr. Sijo Jose'),(1092,42,17,10,NULL,'absent','2026-03-19 19:38:05','67','Mr. Sijo Jose'),(1093,43,17,10,NULL,'absent','2026-03-19 19:38:05','67','Mr. Sijo Jose'),(1094,44,17,10,NULL,'absent','2026-03-19 19:38:05','67','Mr. Sijo Jose'),(1095,45,17,10,NULL,'absent','2026-03-19 19:38:05','67','Mr. Sijo Jose'),(1096,46,17,10,NULL,'absent','2026-03-19 19:38:05','67','Mr. Sijo Jose'),(1097,47,17,10,NULL,'absent','2026-03-19 19:38:05','67','Mr. Sijo Jose'),(1098,48,17,10,NULL,'absent','2026-03-19 19:38:05','67','Mr. Sijo Jose'),(1099,49,17,10,NULL,'absent','2026-03-19 19:38:05','67','Mr. Sijo Jose'),(1100,50,17,10,NULL,'present','2026-03-19 19:37:55','67','Mr. Sijo Jose'),(1101,51,17,10,NULL,'absent','2026-03-19 19:38:05','67','Mr. Sijo Jose'),(1102,52,17,10,NULL,'absent','2026-03-19 19:38:05','67','Mr. Sijo Jose'),(1103,53,17,10,NULL,'absent','2026-03-19 19:38:05','67','Mr. Sijo Jose'),(1104,54,17,10,NULL,'absent','2026-03-19 19:38:05','67','Mr. Sijo Jose'),(1105,55,17,10,NULL,'absent','2026-03-19 19:38:05','67','Mr. Sijo Jose'),(1106,56,17,10,NULL,'absent','2026-03-19 19:38:05','67','Mr. Sijo Jose'),(1107,57,17,10,NULL,'absent','2026-03-19 19:38:05','67','Mr. Sijo Jose'),(1108,16,15,10,NULL,'present','2026-03-19 19:41:04','67','Mr. Sijo Jose'),(1109,17,15,10,NULL,'present','2026-03-19 19:41:04','67','Mr. Sijo Jose'),(1110,18,15,10,NULL,'present','2026-03-19 19:41:04','67','Mr. Sijo Jose'),(1111,19,15,10,NULL,'present','2026-03-19 19:41:04','67','Mr. Sijo Jose'),(1112,20,15,10,NULL,'present','2026-03-19 19:41:04','67','Mr. Sijo Jose'),(1113,21,15,10,NULL,'present','2026-03-19 19:41:04','67','Mr. Sijo Jose'),(1114,22,15,10,NULL,'present','2026-03-19 19:41:04','67','Mr. Sijo Jose'),(1115,23,15,10,NULL,'present','2026-03-19 19:41:04','67','Mr. Sijo Jose'),(1116,24,15,10,NULL,'present','2026-03-19 19:41:04','67','Mr. Sijo Jose'),(1117,25,15,10,NULL,'present','2026-03-19 19:41:04','67','Mr. Sijo Jose'),(1118,26,15,10,NULL,'present','2026-03-19 19:41:04','67','Mr. Sijo Jose'),(1119,27,15,10,NULL,'present','2026-03-19 19:41:04','67','Mr. Sijo Jose'),(1120,28,15,10,NULL,'present','2026-03-19 19:41:04','67','Mr. Sijo Jose'),(1121,29,15,10,NULL,'present','2026-03-19 19:41:04','67','Mr. Sijo Jose'),(1122,30,15,10,NULL,'present','2026-03-19 19:41:04','67','Mr. Sijo Jose'),(1123,31,15,10,NULL,'present','2026-03-19 19:41:04','67','Mr. Sijo Jose'),(1124,32,15,10,NULL,'present','2026-03-19 19:41:04','67','Mr. Sijo Jose'),(1125,33,15,10,NULL,'present','2026-03-19 19:41:04','67','Mr. Sijo Jose'),(1126,34,15,10,NULL,'present','2026-03-19 19:41:04','67','Mr. Sijo Jose'),(1127,35,15,10,NULL,'present','2026-03-19 19:41:04','67','Mr. Sijo Jose'),(1128,36,15,10,NULL,'present','2026-03-19 19:41:04','67','Mr. Sijo Jose'),(1129,37,15,10,NULL,'present','2026-03-19 19:41:04','67','Mr. Sijo Jose'),(1130,38,15,10,NULL,'present','2026-03-19 19:41:04','67','Mr. Sijo Jose'),(1131,39,15,10,NULL,'present','2026-03-19 19:41:04','67','Mr. Sijo Jose'),(1132,40,15,10,NULL,'present','2026-03-19 19:41:04','67','Mr. Sijo Jose'),(1133,41,15,10,NULL,'present','2026-03-19 19:41:04','67','Mr. Sijo Jose'),(1134,42,15,10,NULL,'present','2026-03-19 19:41:04','67','Mr. Sijo Jose'),(1135,43,15,10,NULL,'present','2026-03-19 19:41:04','67','Mr. Sijo Jose'),(1136,44,15,10,NULL,'present','2026-03-19 19:41:04','67','Mr. Sijo Jose'),(1137,45,15,10,NULL,'present','2026-03-19 19:41:04','67','Mr. Sijo Jose'),(1138,46,15,10,NULL,'present','2026-03-19 19:41:04','67','Mr. Sijo Jose'),(1139,47,15,10,NULL,'present','2026-03-19 19:41:04','67','Mr. Sijo Jose'),(1140,48,15,10,NULL,'present','2026-03-19 19:41:04','67','Mr. Sijo Jose'),(1141,49,15,10,NULL,'present','2026-03-19 19:41:04','67','Mr. Sijo Jose'),(1142,50,15,10,NULL,'present','2026-03-19 19:40:56','67','Mr. Sijo Jose'),(1143,51,15,10,NULL,'present','2026-03-19 19:41:04','67','Mr. Sijo Jose'),(1144,52,15,10,NULL,'present','2026-03-19 19:41:04','67','Mr. Sijo Jose'),(1145,53,15,10,NULL,'present','2026-03-19 19:41:04','67','Mr. Sijo Jose'),(1146,54,15,10,NULL,'present','2026-03-19 19:41:04','67','Mr. Sijo Jose'),(1147,55,15,10,NULL,'present','2026-03-19 19:41:04','67','Mr. Sijo Jose'),(1148,56,15,10,NULL,'present','2026-03-19 19:41:04','67','Mr. Sijo Jose'),(1149,57,15,10,NULL,'present','2026-03-19 19:41:04','67','Mr. Sijo Jose');
/*!40000 ALTER TABLE `attendance` ENABLE KEYS */;
UNLOCK TABLES;

--
-- Table structure for table `classes`
--

DROP TABLE IF EXISTS `classes`;
/*!40101 SET @saved_cs_client     = @@character_set_client */;
/*!50503 SET character_set_client = utf8mb4 */;
CREATE TABLE `classes` (
  `id` int NOT NULL AUTO_INCREMENT,
  `name` varchar(100) NOT NULL,
  `code` varchar(20) NOT NULL,
  `building` varchar(100) DEFAULT NULL,
  `room_number` varchar(50) DEFAULT NULL,
  `latitude` decimal(10,8) DEFAULT NULL,
  `longitude` decimal(11,8) DEFAULT NULL,
  `geo_radius` int DEFAULT '100',
  `created_at` timestamp NULL DEFAULT CURRENT_TIMESTAMP,
  PRIMARY KEY (`id`)
) ENGINE=InnoDB AUTO_INCREMENT=14 DEFAULT CHARSET=utf8mb4 COLLATE=utf8mb4_0900_ai_ci;
/*!40101 SET character_set_client = @saved_cs_client */;

--
-- Dumping data for table `classes`
--

LOCK TABLES `classes` WRITE;
/*!40000 ALTER TABLE `classes` DISABLE KEYS */;
INSERT INTO `classes` VALUES (1,'Computer Lab 1','LAB101','Building A','Room 101',8.52410000,76.93660000,100,'2026-01-23 17:16:44'),(2,'Computer Lab 2','LAB102','Building A','Room 102',8.52420000,76.93670000,100,'2026-01-23 17:16:44'),(3,'Physics Lab','PLAB201','Building B','Room 201',8.52430000,76.93680000,100,'2026-01-23 17:16:44'),(4,'Classroom 301','CLS301','Building C','Room 301',8.52440000,76.93690000,100,'2026-01-23 17:16:44'),(10,'Jos home','Jos','Jos','123445',10.53215390,76.23650800,10,'2026-03-17 17:22:56'),(11,'Computer lab stc','Cslab','Academic block','Cs lab',10.52343880,76.21950500,10,'2026-03-18 04:24:56'),(12,'Computer science ','CS124','Academic block','AC 124',10.52368090,76.21934130,3,'2026-03-18 04:33:15'),(13,'Flora home ','FH','Ollur','3',10.48663090,76.24057560,100,'2026-03-19 18:22:12');
/*!40000 ALTER TABLE `classes` ENABLE KEYS */;
UNLOCK TABLES;

--
-- Table structure for table `departments`
--

DROP TABLE IF EXISTS `departments`;
/*!40101 SET @saved_cs_client     = @@character_set_client */;
/*!50503 SET character_set_client = utf8mb4 */;
CREATE TABLE `departments` (
  `id` int NOT NULL AUTO_INCREMENT,
  `name` varchar(100) NOT NULL,
  `code` varchar(20) NOT NULL,
  `program_type` enum('UG','PG') NOT NULL,
  `created_at` timestamp NULL DEFAULT CURRENT_TIMESTAMP,
  PRIMARY KEY (`id`)
) ENGINE=InnoDB AUTO_INCREMENT=15 DEFAULT CHARSET=utf8mb4 COLLATE=utf8mb4_0900_ai_ci;
/*!40101 SET character_set_client = @saved_cs_client */;

--
-- Dumping data for table `departments`
--

LOCK TABLES `departments` WRITE;
/*!40000 ALTER TABLE `departments` DISABLE KEYS */;
INSERT INTO `departments` VALUES (1,'Computer Science','CS','UG','2026-01-23 17:16:44'),(2,'Physics','PHY','UG','2026-01-23 17:16:44'),(3,' BSc.Chemistry','CHEM','UG','2026-01-23 17:16:44'),(4,'Mathematics','MATH','UG','2026-01-23 17:16:44'),(5,'Computer Science','CS','PG','2026-01-23 17:16:44'),(6,'Physics','PHY','PG','2026-01-23 17:16:44'),(12,'Mathematics','MATH','PG','2026-03-17 16:30:24'),(14,'Chemistry','CHEM','PG','2026-03-17 16:30:24');
/*!40000 ALTER TABLE `departments` ENABLE KEYS */;
UNLOCK TABLES;

--
-- Table structure for table `push_subscriptions`
--

DROP TABLE IF EXISTS `push_subscriptions`;
/*!40101 SET @saved_cs_client     = @@character_set_client */;
/*!50503 SET character_set_client = utf8mb4 */;
CREATE TABLE `push_subscriptions` (
  `id` int NOT NULL AUTO_INCREMENT,
  `user_id` int NOT NULL,
  `subscription` text NOT NULL,
  `created_at` timestamp NULL DEFAULT CURRENT_TIMESTAMP,
  `updated_at` timestamp NULL DEFAULT CURRENT_TIMESTAMP ON UPDATE CURRENT_TIMESTAMP,
  PRIMARY KEY (`id`),
  UNIQUE KEY `unique_user` (`user_id`),
  CONSTRAINT `push_sub_ibfk_1` FOREIGN KEY (`user_id`) REFERENCES `users` (`id`) ON DELETE CASCADE
) ENGINE=InnoDB AUTO_INCREMENT=128 DEFAULT CHARSET=utf8mb4 COLLATE=utf8mb4_0900_ai_ci;
/*!40101 SET character_set_client = @saved_cs_client */;

--
-- Dumping data for table `push_subscriptions`
--

LOCK TABLES `push_subscriptions` WRITE;
/*!40000 ALTER TABLE `push_subscriptions` DISABLE KEYS */;
INSERT INTO `push_subscriptions` VALUES (2,50,'{\"endpoint\":\"https://fcm.googleapis.com/fcm/send/fcCPIIVb2Fs:APA91bGHNcJUVhV1ntiljHa_NiTU9KvHzkh1QdH_uUum3XXdyipIXs5OmMGyNVCXr2HH-COZXwVnBMTVUENCMUOx0ZwiwCFnvnmqJR9Rlt-R5wZgDc8TFlVGuEYzIZnSzI4G2aWNd-tM\",\"expirationTime\":null,\"keys\":{\"p256dh\":\"BDBMLp0VaQb3xvATJNQJ5Bfk2l8cu5STBS6xXf-dJn0uMnhaL3wzC0cZUnpZvsa31c57xZ2bwdYBCuanwX5BfVE\",\"auth\":\"Lo4ol4oP5nQSZidHhtQZgQ\"}}','2026-03-17 18:02:40','2026-03-19 19:48:19'),(28,41,'{\"endpoint\":\"https://fcm.googleapis.com/fcm/send/digzImJyVY8:APA91bHC5GsD6NavtXXGvYEzqejUaN-ilHeDGvcBo9NWeygXDZj8WpJX92FGgkCK-09Z-5pU8aOPnEWHxISgCimX-ozW2QyEHkC0JzP4nIbQjBL-F47pj0eNpSAKMoDBznoQkH9XVNsi\",\"expirationTime\":null,\"keys\":{\"p256dh\":\"BJxPtKg2WZgR3O2XmuPco1kMkQF8QwQB4iqKLKBUDpdAp53a89YGcIkWKzg7Z-iTtc73IEUEN2w7I1nDd6W27Gg\",\"auth\":\"3XFbbIzu7Qyxtwl304B1ng\"}}','2026-03-18 04:01:09','2026-03-19 19:14:42'),(30,46,'{\"endpoint\":\"https://fcm.googleapis.com/fcm/send/dTz_z_T6SGE:APA91bHnKcun1oVsJJtwSr3xq4tVdyEks0WKDe8F1R7f0FxTQxKdHY22vSlIV6cuKhkvNhM8h0pxy-lisKUnLSLJn_ILnG6mCD2-BjXqs5YtaA4rUBO5JCY2XW6_MWv1ZplH4WXWlBvo\",\"expirationTime\":null,\"keys\":{\"p256dh\":\"BP5twQhD6ihb13Kc2mJSLejgE7XiNsEjVdJO20Nfppzi1E1OsyGM9eIbTjVCPqfdTKhdvutv7_ZK2JwQHl7rlSw\",\"auth\":\"FPy31lPELWd7TFu9ZBrppA\"}}','2026-03-18 04:05:14','2026-03-18 05:22:56'),(38,16,'{\"endpoint\":\"https://fcm.googleapis.com/fcm/send/cEPzCZp81t0:APA91bEEodzkOrD9R9mWxZJVqlqx9nlycfHFE6A6TpLaZfxAYx4yXRQFMTs9CG5FMWoT1QsViMdhow8x-p_e9VmcJUD5JFSu0ohVlOiJGvvlwMCw-MO1n27bihaVNEDYvOs1g6EWM8kC\",\"expirationTime\":null,\"keys\":{\"p256dh\":\"BKgPOq5ypmAfkh9_YbIqvgw1HPAuhhPiWNwoNqKd4Hzlk2bF7XxuDFPeffxuRghknPC0IAAFZVKaQupruMq8mYE\",\"auth\":\"YBlx3oLPOHD7wWoFuDtjoA\"}}','2026-03-18 04:09:22','2026-03-18 04:09:22'),(42,44,'{\"endpoint\":\"https://fcm.googleapis.com/fcm/send/eVfCCQdQQX8:APA91bFkXUeY7eyzVE8Q4yMW-OshaQMy30ztxjNwyqHrU3bDDoB3vu7L7TdyGwk7uHsEIQPUR7mLs_5hfJby7O_dkr9vTQr77qDP4bRRuu8Wj6xTA7uC-3o8KyngLY-VZ4vEmbr6VuHl\",\"expirationTime\":null,\"keys\":{\"p256dh\":\"BGBs4pfP7O9jSrwV7h2GZnCPRtg4kQYp7vAdQkTRcAzyOKeD3uHUN-qUXKJtp-xcVE2kqni1mnzUiKSAHEfbQs4\",\"auth\":\"VU-whgdG9cx9OwwvESXLqw\"}}','2026-03-18 04:10:50','2026-03-19 18:23:37'),(43,20,'{\"endpoint\":\"https://fcm.googleapis.com/fcm/send/dIjWRySN4Tc:APA91bGeFoVAWrLz06vgR-mJANLxMoUy7UOHebRyMnNU8sESAJJeVgJmU9fj0tgxe8WUyMcn2LlEZXfQc3QiC7SLpo-R9WHfGeE2UOPdpYH1WSWuiaQiD7szXmhnhzzJyjwm-ABWoTcC\",\"expirationTime\":null,\"keys\":{\"p256dh\":\"BI2qy8NUFFK_OnlW_jbd8fEA0H6gXb5aapZh1HDZZpd67IsZ9wfscpdnzBkbfcZhRxmSGaFbZOTkLCJ-ruxTbqo\",\"auth\":\"GgBFMPGawKlFFpsigPhTRg\"}}','2026-03-18 04:12:22','2026-03-18 05:21:26'),(72,61,'{\"endpoint\":\"https://wns2-pn1p.notify.windows.com/w/?token=BQYAAAD1wf27dwi89yCeR3K8n6%2bEKSEhUYdP9cGNlBtlzDPtXXukBS4oy1HHnNwiJLaLEDYH0GILDmKNzcykRvsiR81QL1wjbK1P0OFaCAy%2bGWAr6dA%2f7zxj1yV1nzPNivDSh3%2fV6uMQOmxG1NFRl4HXgPf8MbT4V2BMU25u5X24tfzrn4SiWxfI9jxWjldE%2bLC5uV57QgTKL9r0aSgvah7fqsarD8ChkCUlIjZNGu1%2bmYJicxfGNNfYXPyjOXyzIgfO4UUSwD8Xke3apfoo8Ztmoz9xzp2xirvYXYlUVKUEhq2a83pZpV3VCSiOdkPnmEsZECeSjP8yswfVeTH5MtEjfgXBHsDyNY%2bD5%2bARcrcO1X%2bn2Q%3d%3d\",\"expirationTime\":null,\"keys\":{\"p256dh\":\"BKZCPatCT3E5a9FVna-egK_NfsKTlkGzPycujL9pn9ApzR9PXQ1KPEghhptFa-Weyt8uS-S_Z3-HHFBsHanL60Q\",\"auth\":\"i7nLbOixulLCWx5samnhHg\"}}','2026-03-18 05:34:56','2026-03-19 19:02:16'),(89,67,'{\"endpoint\":\"https://wns2-pn1p.notify.windows.com/w/?token=BQYAAAD1wf27dwi89yCeR3K8n6%2bEKSEhUYdP9cGNlBtlzDPtXXukBS4oy1HHnNwiJLaLEDYH0GILDmKNzcykRvsiR81QL1wjbK1P0OFaCAy%2bGWAr6dA%2f7zxj1yV1nzPNivDSh3%2fV6uMQOmxG1NFRl4HXgPf8MbT4V2BMU25u5X24tfzrn4SiWxfI9jxWjldE%2bLC5uV57QgTKL9r0aSgvah7fqsarD8ChkCUlIjZNGu1%2bmYJicxfGNNfYXPyjOXyzIgfO4UUSwD8Xke3apfoo8Ztmoz9xzp2xirvYXYlUVKUEhq2a83pZpV3VCSiOdkPnmEsZECeSjP8yswfVeTH5MtEjfgXBHsDyNY%2bD5%2bARcrcO1X%2bn2Q%3d%3d\",\"expirationTime\":null,\"keys\":{\"p256dh\":\"BKZCPatCT3E5a9FVna-egK_NfsKTlkGzPycujL9pn9ApzR9PXQ1KPEghhptFa-Weyt8uS-S_Z3-HHFBsHanL60Q\",\"auth\":\"i7nLbOixulLCWx5samnhHg\"}}','2026-03-19 18:45:56','2026-03-19 19:40:27');
/*!40000 ALTER TABLE `push_subscriptions` ENABLE KEYS */;
UNLOCK TABLES;

--
-- Table structure for table `subjects`
--

DROP TABLE IF EXISTS `subjects`;
/*!40101 SET @saved_cs_client     = @@character_set_client */;
/*!50503 SET character_set_client = utf8mb4 */;
CREATE TABLE `subjects` (
  `id` int NOT NULL AUTO_INCREMENT,
  `name` varchar(100) NOT NULL,
  `code` varchar(20) NOT NULL,
  `department_id` int NOT NULL,
  `semester` int DEFAULT NULL,
  `created_at` timestamp NULL DEFAULT CURRENT_TIMESTAMP,
  PRIMARY KEY (`id`),
  KEY `department_id` (`department_id`),
  CONSTRAINT `subjects_ibfk_1` FOREIGN KEY (`department_id`) REFERENCES `departments` (`id`) ON DELETE CASCADE
) ENGINE=InnoDB AUTO_INCREMENT=19 DEFAULT CHARSET=utf8mb4 COLLATE=utf8mb4_0900_ai_ci;
/*!40101 SET character_set_client = @saved_cs_client */;

--
-- Dumping data for table `subjects`
--

LOCK TABLES `subjects` WRITE;
/*!40000 ALTER TABLE `subjects` DISABLE KEYS */;
INSERT INTO `subjects` VALUES (13,'Operating Systems','BCS6B12',1,6,'2026-03-17 16:31:24'),(14,'Computer Networks','BCS6B13',1,6,'2026-03-17 16:31:24'),(15,'Android Programming','BCS6B11',1,6,'2026-03-17 16:31:24'),(16,'Machine Learning','BCS6B16',1,6,'2026-03-17 16:31:24'),(17,'PROGRAMMING LABORATORY - IV: ANDROID AND LINUX SHELL PROGRAMMING','BCS6B15',1,6,'2026-03-17 16:31:24'),(18,'PROGRAMMING LABORATORY - III: JAVA AND PHP PROGRAMMING','BCS6B14',1,6,'2026-03-17 16:31:24');
/*!40000 ALTER TABLE `subjects` ENABLE KEYS */;
UNLOCK TABLES;

--
-- Table structure for table `teacher_default_classes`
--

DROP TABLE IF EXISTS `teacher_default_classes`;
/*!40101 SET @saved_cs_client     = @@character_set_client */;
/*!50503 SET character_set_client = utf8mb4 */;
CREATE TABLE `teacher_default_classes` (
  `id` int NOT NULL AUTO_INCREMENT,
  `teacher_id` int NOT NULL,
  `subject_id` int NOT NULL,
  `class_id` int NOT NULL,
  `created_at` timestamp NULL DEFAULT CURRENT_TIMESTAMP,
  PRIMARY KEY (`id`),
  UNIQUE KEY `unique_teacher_subject_class` (`teacher_id`,`subject_id`),
  KEY `subject_id` (`subject_id`),
  KEY `class_id` (`class_id`),
  CONSTRAINT `teacher_default_classes_ibfk_1` FOREIGN KEY (`teacher_id`) REFERENCES `users` (`id`) ON DELETE CASCADE,
  CONSTRAINT `teacher_default_classes_ibfk_2` FOREIGN KEY (`subject_id`) REFERENCES `subjects` (`id`) ON DELETE CASCADE,
  CONSTRAINT `teacher_default_classes_ibfk_3` FOREIGN KEY (`class_id`) REFERENCES `classes` (`id`) ON DELETE CASCADE
) ENGINE=InnoDB AUTO_INCREMENT=38 DEFAULT CHARSET=utf8mb4 COLLATE=utf8mb4_0900_ai_ci;
/*!40101 SET character_set_client = @saved_cs_client */;

--
-- Dumping data for table `teacher_default_classes`
--

LOCK TABLES `teacher_default_classes` WRITE;
/*!40000 ALTER TABLE `teacher_default_classes` DISABLE KEYS */;
INSERT INTO `teacher_default_classes` VALUES (27,65,18,11,'2026-03-18 04:35:13'),(31,65,17,11,'2026-03-18 04:35:29');
/*!40000 ALTER TABLE `teacher_default_classes` ENABLE KEYS */;
UNLOCK TABLES;

--
-- Table structure for table `teacher_subjects`
--

DROP TABLE IF EXISTS `teacher_subjects`;
/*!40101 SET @saved_cs_client     = @@character_set_client */;
/*!50503 SET character_set_client = utf8mb4 */;
CREATE TABLE `teacher_subjects` (
  `id` int NOT NULL AUTO_INCREMENT,
  `teacher_id` int NOT NULL,
  `subject_id` int NOT NULL,
  `created_at` timestamp NULL DEFAULT CURRENT_TIMESTAMP,
  PRIMARY KEY (`id`),
  UNIQUE KEY `unique_teacher_subject` (`teacher_id`,`subject_id`),
  KEY `subject_id` (`subject_id`),
  CONSTRAINT `teacher_subjects_ibfk_1` FOREIGN KEY (`teacher_id`) REFERENCES `users` (`id`) ON DELETE CASCADE,
  CONSTRAINT `teacher_subjects_ibfk_2` FOREIGN KEY (`subject_id`) REFERENCES `subjects` (`id`) ON DELETE CASCADE
) ENGINE=InnoDB AUTO_INCREMENT=38 DEFAULT CHARSET=utf8mb4 COLLATE=utf8mb4_0900_ai_ci;
/*!40101 SET character_set_client = @saved_cs_client */;

--
-- Dumping data for table `teacher_subjects`
--

LOCK TABLES `teacher_subjects` WRITE;
/*!40000 ALTER TABLE `teacher_subjects` DISABLE KEYS */;
INSERT INTO `teacher_subjects` VALUES (20,61,14,'2026-03-17 17:14:04'),(21,66,16,'2026-03-17 17:14:16'),(22,65,13,'2026-03-17 17:14:34'),(32,65,17,'2026-03-18 04:35:29'),(34,65,18,'2026-03-18 04:35:39'),(35,67,15,'2026-03-19 18:16:19'),(36,67,18,'2026-03-19 18:16:19'),(37,67,17,'2026-03-19 18:16:19');
/*!40000 ALTER TABLE `teacher_subjects` ENABLE KEYS */;
UNLOCK TABLES;

--
-- Table structure for table `users`
--

DROP TABLE IF EXISTS `users`;
/*!40101 SET @saved_cs_client     = @@character_set_client */;
/*!50503 SET character_set_client = utf8mb4 */;
CREATE TABLE `users` (
  `id` int NOT NULL AUTO_INCREMENT,
  `username` varchar(50) NOT NULL,
  `password` varchar(255) NOT NULL,
  `name` varchar(100) NOT NULL,
  `roll_number` varchar(20) DEFAULT NULL,
  `email` varchar(100) DEFAULT NULL,
  `role` enum('admin','student','teacher') NOT NULL,
  `department_id` int DEFAULT NULL,
  `semester` int DEFAULT NULL,
  `year` int DEFAULT NULL,
  `status` varchar(20) DEFAULT 'active',
  `created_at` timestamp NULL DEFAULT CURRENT_TIMESTAMP,
  PRIMARY KEY (`id`),
  UNIQUE KEY `username` (`username`),
  UNIQUE KEY `roll_number` (`roll_number`),
  KEY `department_id` (`department_id`),
  CONSTRAINT `users_ibfk_1` FOREIGN KEY (`department_id`) REFERENCES `departments` (`id`) ON DELETE SET NULL
) ENGINE=InnoDB AUTO_INCREMENT=68 DEFAULT CHARSET=utf8mb4 COLLATE=utf8mb4_0900_ai_ci;
/*!40101 SET character_set_client = @saved_cs_client */;

--
-- Dumping data for table `users`
--

LOCK TABLES `users` WRITE;
/*!40000 ALTER TABLE `users` DISABLE KEYS */;
INSERT INTO `users` VALUES (1,'admin','pass','Admin User',NULL,NULL,'admin',NULL,NULL,NULL,'active','2026-01-23 17:16:44'),(2,'teacher','pass','Prof. John Smith',NULL,NULL,'teacher',4,NULL,NULL,'active','2026-01-23 17:16:44'),(3,'teacher2','pass','Dr. Sarah Johnson',NULL,NULL,'teacher',2,NULL,NULL,'active','2026-01-23 17:16:44'),(4,'teacher3','pass','Prof. Mike Davis',NULL,NULL,'teacher',14,NULL,NULL,'active','2026-01-23 17:16:44'),(16,'ansala','ansala123','ANSALA SAJEEV','CS2023001',NULL,'student',1,6,3,'active','2026-03-17 16:37:32'),(17,'ashly','ashly123','ASHLY MARIA SIBY','CS2023002',NULL,'student',1,6,3,'active','2026-03-17 16:37:32'),(18,'aswathy','aswathy123','ASWATHY P A','CS2023003',NULL,'student',1,6,3,'active','2026-03-17 16:37:32'),(19,'christy','christy123','CHRISTY XAVIER','CS2023004',NULL,'student',1,6,3,'active','2026-03-17 16:37:32'),(20,'gopika','gopika123','GOPIKA S','CS2023005',NULL,'student',1,6,3,'active','2026-03-17 16:37:32'),(21,'gouri','gouri123','GOURI RAJ','CS2023006',NULL,'student',1,6,3,'active','2026-03-17 16:37:32'),(22,'krishnaja','krishnaja123','KRISHNAJA.G','CS2023007',NULL,'student',1,6,3,'active','2026-03-17 16:37:32'),(23,'navya','navya123','NAVYA T','CS2023008',NULL,'student',1,6,3,'active','2026-03-17 16:37:32'),(24,'abhinav','abhinav123','ABHINAVKRISHNA K A','CS2023009',NULL,'student',1,6,3,'active','2026-03-17 16:37:32'),(25,'adhwaidh','adhwaidh123','ADHWAIDH K NAIR','CS2023010',NULL,'student',1,6,3,'active','2026-03-17 16:37:32'),(26,'ashin','ashin123','ASHIN BABU','CS2023011',NULL,'student',1,6,3,'active','2026-03-17 16:37:32'),(27,'delvin','delvin123','DELVIN SUNNY','CS2023012',NULL,'student',1,6,3,'active','2026-03-17 16:37:32'),(28,'effrin','effrin123','EFFRIN JOFFRIN','CS2023013',NULL,'student',1,6,3,'active','2026-03-17 16:37:32'),(29,'hari','hari123','HARIKUMAR P R','CS2023014',NULL,'student',1,6,3,'active','2026-03-17 16:37:32'),(30,'joel','joel123','JOEL JOHNSON MULLORE','CS2023015',NULL,'student',1,6,3,'active','2026-03-17 16:37:32'),(31,'kailas ','kailas 123','KAILAS NATH M','CS2023016',NULL,'student',1,6,3,'active','2026-03-17 16:37:32'),(32,'mithul ','mithul 123','MITHUL KRISHNA P R','CS2023017',NULL,'student',1,6,3,'active','2026-03-17 16:37:32'),(33,'rinson','rinson123','RINSON THOMAS','CS2023019',NULL,'student',1,6,3,'active','2026-03-17 16:37:32'),(34,'sanju','sanju123','SANJU BAIJU','CS2023020',NULL,'student',1,6,3,'active','2026-03-17 16:37:32'),(35,'shinoj ','shinoj 123','SHINOJ C S','CS2023021',NULL,'student',1,6,3,'active','2026-03-17 16:37:32'),(36,'soorya','soorya123','SOORYATHEJ K L','CS2023022',NULL,'student',1,6,3,'active','2026-03-17 16:37:32'),(37,'vivek','vivek123','VIVEK P D','CS2023023',NULL,'student',1,6,3,'active','2026-03-17 16:37:32'),(38,'yadhu','yadhu123','YADHU KRISHNAN N S','CS2023024',NULL,'student',1,6,3,'active','2026-03-17 16:37:32'),(39,'akshaya','akshaya123','AKSHAYA T S','CS2023025',NULL,'student',1,6,3,'active','2026-03-17 16:37:32'),(40,'anitha ','anitha 123','ANITHA BABU P','CS2023026',NULL,'student',1,6,3,'active','2026-03-17 16:37:32'),(41,'flora','flora123','FLORA MARIA JOEMON','CS2023027',NULL,'student',1,6,3,'active','2026-03-17 16:37:32'),(42,'gemma','gemma123','GEMMA MARIA RAPHY','CS2023028',NULL,'student',1,6,3,'active','2026-03-17 16:37:32'),(43,'harsha','harsha123','HARSHA BYJU','CS2023029',NULL,'student',1,6,3,'active','2026-03-17 16:37:32'),(44,'thanseeha','thanseeha123','THANSEEHA E H','CS2023030',NULL,'student',1,6,3,'active','2026-03-17 16:37:32'),(45,'abel','abel123','ABEL C.S','CS2023031',NULL,'student',1,6,3,'active','2026-03-17 16:37:32'),(46,'akshay','akshay123','AKSHAY T VIJI','CS2023032',NULL,'student',1,6,3,'active','2026-03-17 16:37:32'),(47,'alet','alet123','ALET JOHNY','CS2023033',NULL,'student',1,6,3,'active','2026-03-17 16:37:32'),(48,'amith','amith123','AMITH SABU RAJ','CS2023034',NULL,'student',1,6,3,'active','2026-03-17 16:37:32'),(49,'elvin','elvin123','ELVIN JOSEPH','CS2023035',NULL,'student',1,6,3,'active','2026-03-17 16:37:32'),(50,'jos','jos123','JOS MARTIN','CS2023036',NULL,'student',1,6,3,'active','2026-03-17 16:37:32'),(51,'kevin','kevin123','KEVIN RAJU','CS2023037',NULL,'student',1,6,3,'active','2026-03-17 16:37:32'),(52,'litto','litto123','LITTO JIMMY','CS2023038',NULL,'student',1,6,3,'active','2026-03-17 16:37:32'),(53,'rijo','rijo123','RIJO JOSEPH','CS2023039',NULL,'student',1,6,3,'active','2026-03-17 16:37:32'),(54,'roshan ','roshan 123','ROSHAN E R','CS2023040',NULL,'student',1,6,3,'active','2026-03-17 16:37:32'),(55,'sayooj ','sayooj 123','SAYOOJ C S','CS2023041',NULL,'student',1,6,3,'active','2026-03-17 16:37:32'),(56,'shine','shine123','SHINE SHAJU','CS2023042',NULL,'student',1,6,3,'active','2026-03-17 16:37:32'),(57,'vishnu','vishnu123','VISHNU M  ','CS2023043',NULL,'student',1,6,3,'active','2026-03-17 16:37:32'),(58,'jiju','jiju123','Dr. Jiju A.  Mathew',NULL,NULL,'teacher',5,NULL,NULL,'active','2026-03-17 16:49:06'),(59,'rameela','rameela123','Mrs. Rameela Ravindran K',NULL,NULL,'teacher',5,NULL,NULL,'active','2026-03-17 16:50:03'),(60,'sunil','sunil123','Dr. Sunil Sunny Chalakkal',NULL,NULL,'teacher',5,NULL,NULL,'active','2026-03-17 16:50:43'),(61,'anil','anil123','Dr. Fr. Anil George K CMI',NULL,NULL,'teacher',1,NULL,NULL,'active','2026-03-17 16:51:31'),(62,'johnpaul','johnpaul123','Dr. Johnpaul C. I.',NULL,NULL,'teacher',5,NULL,NULL,'active','2026-03-17 16:52:20'),(63,'roshni','roshni123','Ms. Roshni Varghese',NULL,NULL,'teacher',5,NULL,NULL,'active','2026-03-17 16:53:29'),(65,'maidhili','maidhili123','Ms. Maidhili Mohan K.',NULL,NULL,'teacher',1,NULL,NULL,'active','2026-03-17 16:55:12'),(66,'dhanya','dhanya123','Ms. Dhanya Anto',NULL,NULL,'teacher',1,NULL,NULL,'active','2026-03-17 16:55:53'),(67,'sijo','sijo123','Mr. Sijo Jose',NULL,NULL,'teacher',1,NULL,NULL,'active','2026-03-19 18:16:19');
/*!40000 ALTER TABLE `users` ENABLE KEYS */;
UNLOCK TABLES;
/*!40103 SET TIME_ZONE=@OLD_TIME_ZONE */;

/*!40101 SET SQL_MODE=@OLD_SQL_MODE */;
/*!40014 SET FOREIGN_KEY_CHECKS=@OLD_FOREIGN_KEY_CHECKS */;
/*!40014 SET UNIQUE_CHECKS=@OLD_UNIQUE_CHECKS */;
/*!40101 SET CHARACTER_SET_CLIENT=@OLD_CHARACTER_SET_CLIENT */;
/*!40101 SET CHARACTER_SET_RESULTS=@OLD_CHARACTER_SET_RESULTS */;
/*!40101 SET COLLATION_CONNECTION=@OLD_COLLATION_CONNECTION */;
/*!40111 SET SQL_NOTES=@OLD_SQL_NOTES */;

-- Dump completed on 2026-03-20  1:20:47
